time_ms,gyro_uncal_x,gyro_uncal_y,gyro_uncal_z,accel_uncal_x,accel_uncal_y,accel_uncal_z
0,0.002138028386980295,0.0010690141934901476,0.0006108652451075613,,,
18,0.0009162978967651725,0.00015271631127689034,0.0025961773935705423,,,
22,0.0009162978967651725,0.00015271631127689034,0.0025961773935705423,-0.11485548317432404,0.064606212079525,9.854840278625488
36,0.0006108652451075613,0.0012217304902151227,0.001679879380390048,-0.11485548317432404,0.064606212079525,9.854840278625488
40,0.0006108652451075613,0.0012217304902151227,0.001679879380390048,-0.11964113265275955,0.064606212079525,9.854840278625488
54,0.0012217304902151227,0.00045814894838258624,0.001832595793530345,-0.11964113265275955,0.064606212079525,9.854840278625488
58,0.0012217304902151227,0.00045814894838258624,0.001832595793530345,-0.11006984114646912,0.064606212079525,9.859625816345215
71,0.001679879380390048,0.0009162978967651725,0.0007635815418325365,-0.11006984114646912,0.064606212079525,9.859625816345215
76,0.001679879380390048,0.0009162978967651725,0.0007635815418325365,-0.11964113265275955,0.064606212079525,9.854840278625488
89,0.001527163083665073,0.0010690141934901476,0.0013744467869400978,-0.11964113265275955,0.064606212079525,9.854840278625488
94,0.001527163083665073,0.0010690141934901476,0.0013744467869400978,-0.11485548317432404,0.064606212079525,9.854840278625488
107,0.0025961773935705423,0.00015271631127689034,0.001527163083665073,-0.11485548317432404,0.064606212079525,9.854840278625488
112,0.0025961773935705423,0.00015271631127689034,0.001527163083665073,-0.11485548317432404,0.064606212079525,9.854840278625488
125,0.0012217304902151227,0.0010690141934901476,0.0009162978967651725,-0.11485548317432404,0.064606212079525,9.854840278625488
130,0.0012217304902151227,0.0010690141934901476,0.0009162978967651725,-0.11964113265275955,0.05503492057323456,9.845269203186035
143,0.0007635815418325365,-0.00015271631127689034,0.0003054326225537807,-0.11964113265275955,0.05503492057323456,9.845269203186035
148,0.0007635815418325365,-0.00015271631127689034,0.0003054326225537807,-0.11485548317432404,0.06939185410737991,9.859027862548828
161,-0.0003054326225537807,-0.001679879380390048,0.001679879380390048,-0.11485548317432404,0.06939185410737991,9.859027862548828
165,-0.0003054326225537807,-0.001679879380390048,0.001679879380390048,-0.11485548317432404,0.06939185410737991,9.859027862548828
179,0.001679879380390048,0.0007635815418325365,0.0019853119738399982,-0.11485548317432404,0.06939185410737991,9.859027862548828
183,0.001679879380390048,0.0007635815418325365,0.0019853119738399982,-0.12442677468061447,0.059820566326379776,9.854242324829102
197,0.0006108652451075613,-0.0009162978967651725,0.00045814894838258624,-0.12442677468061447,0.059820566326379776,9.854242324829102
201,0.0006108652451075613,-0.0009162978967651725,0.00045814894838258624,-0.11485548317432404,0.064606212079525,9.859027862548828
215,0.0007635815418325365,0.0007635815418325365,0.001832595793530345,-0.11485548317432404,0.064606212079525,9.859027862548828
219,0.0007635815418325365,0.0007635815418325365,0.001832595793530345,-0.11006984114646912,0.059820566326379776,9.854840278625488
233,0.0013744467869400978,-0.0012217304902151227,0.001679879380390048,-0.11006984114646912,0.059820566326379776,9.854840278625488
237,0.0013744467869400978,-0.0012217304902151227,0.001679879380390048,-0.11964113265275955,0.07417750358581543,9.845269203186035
250,0.0009162978967651725,-0.0006108652451075613,0.0024434609804302454,-0.11964113265275955,0.07417750358581543,9.845269203186035
255,0.0009162978967651725,-0.0006108652451075613,0.0024434609804302454,-0.11964113265275955,0.059820566326379776,9.850054740905762
268,0.0006108652451075613,0.0012217304902151227,0.002138028386980295,-0.11964113265275955,0.059820566326379776,9.850054740905762
273,0.0006108652451075613,0.0012217304902151227,0.002138028386980295,-0.11485548317432404,0.064606212079525,9.854840278625488
286,0.0010690141934901476,0.0025961773935705423,0.002138028386980295,-0.11485548317432404,0.064606212079525,9.854840278625488
291,0.0010690141934901476,0.0025961773935705423,0.002138028386980295,-0.11485548317432404,0.06939185410737991,9.854840278625488
304,0.0009162978967651725,0.0009162978967651725,0.0010690141934901476,-0.11485548317432404,0.06939185410737991,9.854840278625488
309,0.0009162978967651725,0.0009162978967651725,0.0010690141934901476,-0.11006984114646912,0.059820566326379776,9.850054740905762
322,0.0019853119738399982,0.00045814894838258624,0.001832595793530345,-0.11006984114646912,0.059820566326379776,9.850054740905762
327,0.0019853119738399982,0.00045814894838258624,0.001832595793530345,-0.11006984114646912,0.06939185410737991,9.850054740905762
340,0.0003054326225537807,-0.001832595793530345,0.0013744467869400978,-0.11006984114646912,0.06939185410737991,9.850054740905762
344,0.0003054326225537807,-0.001832595793530345,0.0013744467869400978,-0.11964113265275955,0.064606212079525,9.854840278625488
358,0.0009162978967651725,0.0,0.001832595793530345,-0.11964113265275955,0.064606212079525,9.854840278625488
362,0.0009162978967651725,0.0,0.001832595793530345,-0.12442677468061447,0.059820566326379776,9.859625816345215
376,0.0003054326225537807,-0.0006108652451075613,0.001527163083665073,-0.12442677468061447,0.059820566326379776,9.859625816345215
380,0.0003054326225537807,-0.0006108652451075613,0.001527163083665073,-0.11485548317432404,0.064606212079525,9.850054740905762
394,0.001527163083665073,0.0012217304902151227,0.0010690141934901476,-0.11485548317432404,0.064606212079525,9.850054740905762
398,0.001527163083665073,0.0012217304902151227,0.0010690141934901476,-0.12442677468061447,0.064606212079525,9.854840278625488
412,-0.00015271631127689034,0.0007635815418325365,0.0019853119738399982,-0.12442677468061447,0.064606212079525,9.854840278625488
416,-0.00015271631127689034,0.0007635815418325365,0.0019853119738399982,-0.12442677468061447,0.06939185410737991,9.854840278625488
429,0.001832595793530345,0.0009162978967651725,0.001679879380390048,-0.12442677468061447,0.06939185410737991,9.854840278625488
434,0.001832595793530345,0.0009162978967651725,0.001679879380390048,-0.11006984114646912,0.06939185410737991,9.840482711791992
447,-0.00015271631127689034,-0.00045814894838258624,0.0027488935738801956,-0.11006984114646912,0.06939185410737991,9.840482711791992
452,-0.00015271631127689034,-0.00045814894838258624,0.0027488935738801956,-0.12921242415905,0.064606212079525,9.845269203186035
465,0.00015271631127689034,0.00015271631127689034,0.0010690141934901476,-0.12921242415905,0.064606212079525,9.845269203186035
470,0.00015271631127689034,0.00015271631127689034,0.0010690141934901476,-0.11485548317432404,0.06939185410737991,9.850054740905762
483,0.0019853119738399982,-0.0003054326225537807,0.0006108652451075613,-0.11485548317432404,0.06939185410737991,9.850054740905762
488,0.0019853119738399982,-0.0003054326225537807,0.0006108652451075613,-0.12442677468061447,0.06939185410737991,9.859625816345215
501,0.0012217304902151227,-0.00015271631127689034,0.001832595793530345,-0.12442677468061447,0.06939185410737991,9.859625816345215
506,0.0012217304902151227,-0.00015271631127689034,0.001832595793530345,-0.12442677468061447,0.06939185410737991,9.863813400268555
519,0.00045814894838258624,0.0007635815418325365,0.0006108652451075613,-0.12442677468061447,0.06939185410737991,9.863813400268555
523,0.00045814894838258624,0.0007635815418325365,0.0006108652451075613,-0.11006984114646912,0.064606212079525,9.854242324829102
537,0.001527163083665073,0.0022907445672899485,0.001679879380390048,-0.11006984114646912,0.064606212079525,9.854242324829102
541,0.001527163083665073,0.0022907445672899485,0.001679879380390048,-0.11485548317432404,0.064606212079525,9.859027862548828
555,0.0010690141934901476,0.0006108652451075613,0.0022907445672899485,-0.11485548317432404,0.064606212079525,9.859027862548828
559,0.0010690141934901476,0.0006108652451075613,0.0022907445672899485,-0.11964113265275955,0.064606212079525,9.863813400268555
573,0.0009162978967651725,-0.0007635815418325365,0.001679879380390048,-0.11964113265275955,0.064606212079525,9.863813400268555
577,0.0009162978967651725,-0.0007635815418325365,0.001679879380390048,-0.11006984114646912,0.064606212079525,9.854840278625488
591,-0.0007635815418325365,0.0012217304902151227,0.0007635815418325365,-0.11006984114646912,0.064606212079525,9.854840278625488
595,-0.0007635815418325365,0.0012217304902151227,0.0007635815418325365,-0.12442677468061447,0.064606212079525,9.850054740905762
609,0.0010690141934901476,-0.0010690141934901476,0.0009162978967651725,-0.12442677468061447,0.064606212079525,9.850054740905762
613,0.0010690141934901476,-0.0010690141934901476,0.0009162978967651725,-0.12442677468061447,0.059820566326379776,9.854840278625488
626,0.0012217304902151227,0.0009162978967651725,0.001527163083665073,-0.12442677468061447,0.059820566326379776,9.854840278625488
631,0.0012217304902151227,0.0009162978967651725,0.001527163083665073,-0.11485548317432404,0.064606212079525,9.859625816345215
644,0.002138028386980295,0.0024434609804302454,0.0007635815418325365,-0.11485548317432404,0.064606212079525,9.859625816345215
649,0.002138028386980295,0.0024434609804302454,0.0007635815418325365,-0.12442677468061447,0.07417750358581543,9.845269203186035
662,0.0003054326225537807,0.0003054326225537807,0.002138028386980295,-0.12442677468061447,0.07417750358581543,9.845269203186035
667,0.0003054326225537807,0.0003054326225537807,0.002138028386980295,-0.11964113265275955,0.064606212079525,9.850054740905762
680,0.0006108652451075613,0.0010690141934901476,0.0007635815418325365,-0.11964113265275955,0.064606212079525,9.850054740905762
685,0.0006108652451075613,0.0010690141934901476,0.0007635815418325365,-0.11485548317432404,0.064606212079525,9.845269203186035
698,0.0010690141934901476,0.0029016099870204926,0.0013744467869400978,-0.11485548317432404,0.064606212079525,9.845269203186035
703,0.0010690141934901476,0.0029016099870204926,0.0013744467869400978,-0.11964113265275955,0.06939185410737991,9.869196891784668
716,-0.0007635815418325365,0.0009162978967651725,0.001832595793530345,-0.11964113265275955,0.06939185410737991,9.869196891784668
720,-0.0007635815418325365,0.0009162978967651725,0.001832595793530345,-0.11964113265275955,0.06939185410737991,9.849455833435059
734,0.0,-0.0007635815418325365,0.0013744467869400978,-0.11964113265275955,0.06939185410737991,9.849455833435059
738,0.0,-0.0007635815418325365,0.0013744467869400978,-0.11964113265275955,0.07417750358581543,9.859027862548828
752,0.0006108652451075613,0.0007635815418325365,0.0009162978967651725,-0.11964113265275955,0.07417750358581543,9.859027862548828
756,0.0006108652451075613,0.0007635815418325365,0.0009162978967651725,-0.11485548317432404,0.064606212079525,9.854242324829102
770,0.001679879380390048,0.001527163083665073,0.0013744467869400978,-0.11485548317432404,0.064606212079525,9.854242324829102
774,0.001679879380390048,0.001527163083665073,0.0013744467869400978,-0.11006984114646912,0.064606212079525,9.849455833435059
788,0.0012217304902151227,0.00015271631127689034,0.0006108652451075613,-0.11006984114646912,0.064606212079525,9.849455833435059
792,0.0012217304902151227,0.00015271631127689034,0.0006108652451075613,-0.11485548317432404,0.064606212079525,9.854840278625488
805,0.0010690141934901476,0.0,0.001679879380390048,-0.11485548317432404,0.064606212079525,9.854840278625488
810,0.0010690141934901476,0.0,0.001679879380390048,-0.11485548317432404,0.06939185410737991,9.854840278625488
823,0.0013744467869400978,0.0006108652451075613,0.0013744467869400978,-0.11485548317432404,0.06939185410737991,9.854840278625488
828,0.0013744467869400978,0.0006108652451075613,0.0013744467869400978,-0.12442677468061447,0.07417750358581543,9.859625816345215
841,0.00015271631127689034,0.0,0.002138028386980295,-0.12442677468061447,0.07417750358581543,9.859625816345215
846,0.00015271631127689034,0.0,0.002138028386980295,-0.12442677468061447,0.06939185410737991,9.859625816345215
859,0.001527163083665073,0.001832595793530345,0.00015271631127689034,-0.12442677468061447,0.06939185410737991,9.859625816345215
864,0.001527163083665073,0.001832595793530345,0.00015271631127689034,-0.11485548317432404,0.06939185410737991,9.850054740905762
877,0.0012217304902151227,-0.00015271631127689034,0.001527163083665073,-0.11485548317432404,0.06939185410737991,9.850054740905762
882,0.0012217304902151227,-0.00015271631127689034,0.001527163083665073,-0.11485548317432404,0.06939185410737991,9.854840278625488
895,0.001527163083665073,0.001527163083665073,0.0027488935738801956,-0.11485548317432404,0.06939185410737991,9.854840278625488
899,0.001527163083665073,0.001527163083665073,0.0027488935738801956,-0.11485548317432404,0.05503492057323456,9.859625816345215
913,0.0010690141934901476,0.00015271631127689034,0.0012217304902151227,-0.11485548317432404,0.05503492057323456,9.859625816345215
917,0.0010690141934901476,0.00015271631127689034,0.0012217304902151227,-0.11964113265275955,0.059820566326379776,9.854840278625488
931,0.001527163083665073,0.0003054326225537807,0.001679879380390048,-0.11964113265275955,0.059820566326379776,9.854840278625488
935,0.001527163083665073,0.0003054326225537807,0.001679879380390048,-0.11964113265275955,0.064606212079525,9.850054740905762
949,0.0012217304902151227,0.0025961773935705423,0.00045814894838258624,-0.11964113265275955,0.064606212079525,9.850054740905762
953,0.0012217304902151227,0.0025961773935705423,0.00045814894838258624,-0.12921242415905,0.059820566326379776,9.850054740905762
953,0.0012217304902151227,0.0025961773935705423,0.00045814894838258624,-0.12921242415905,0.059820566326379776,9.850054740905762
967,0.0009162978967651725,-0.0007635815418325365,0.0013744467869400978,-0.12921242415905,0.059820566326379776,9.850054740905762
971,0.0009162978967651725,-0.0007635815418325365,0.0013744467869400978,-0.11006984114646912,0.06939185410737991,9.854840278625488
984,0.0006108652451075613,-0.0003054326225537807,0.0029016099870204926,-0.11006984114646912,0.06939185410737991,9.854840278625488
989,0.0006108652451075613,-0.0003054326225537807,0.0029016099870204926,-0.12442677468061447,0.059820566326379776,9.854840278625488
1002,-0.00045814894838258624,0.00015271631127689034,0.0013744467869400978,-0.12442677468061447,0.059820566326379776,9.854840278625488
1007,-0.00045814894838258624,0.00015271631127689034,0.0013744467869400978,-0.1052841991186142,0.06939185410737991,9.859625816345215
1020,0.0010690141934901476,0.0007635815418325365,0.001527163083665073,-0.1052841991186142,0.06939185410737991,9.859625816345215
1025,0.0010690141934901476,0.0007635815418325365,0.001527163083665073,-0.11006984114646912,0.06939185410737991,9.859625816345215
1038,0.001679879380390048,0.0012217304902151227,0.0010690141934901476,-0.11006984114646912,0.06939185410737991,9.859625816345215
1043,0.001679879380390048,0.0012217304902151227,0.0010690141934901476,-0.11964113265275955,0.07417750358581543,9.850054740905762
1056,0.0003054326225537807,0.00015271631127689034,0.0007635815418325365,-0.11964113265275955,0.07417750358581543,9.850054740905762
1061,0.0003054326225537807,0.00015271631127689034,0.0007635815418325365,-0.11964113265275955,0.059820566326379776,9.850054740905762
1074,-0.00015271631127689034,0.0007635815418325365,0.0006108652451075613,-0.11964113265275955,0.059820566326379776,9.850054740905762
1078,-0.00015271631127689034,0.0007635815418325365,0.0006108652451075613,-0.11485548317432404,0.064606212079525,9.850054740905762
1092,0.00045814894838258624,0.0009162978967651725,0.0010690141934901476,-0.11485548317432404,0.064606212079525,9.850054740905762
1096,0.00045814894838258624,0.0009162978967651725,0.0010690141934901476,-0.11964113265275955,0.059820566326379776,9.854840278625488
1110,0.00015271631127689034,0.0007635815418325365,0.0003054326225537807,-0.11964113265275955,0.059820566326379776,9.854840278625488
1114,0.00015271631127689034,0.0007635815418325365,0.0003054326225537807,-0.12442677468061447,0.059820566326379776,9.850054740905762
1128,0.0025961773935705423,0.0010690141934901476,0.0025961773935705423,-0.12442677468061447,0.059820566326379776,9.850054740905762
1132,0.0025961773935705423,0.0010690141934901476,0.0025961773935705423,-0.11964113265275955,0.06939185410737991,9.850054740905762
1146,0.001832595793530345,0.001527163083665073,0.0024434609804302454,-0.11964113265275955,0.06939185410737991,9.850054740905762
1150,0.001832595793530345,0.001527163083665073,0.0024434609804302454,-0.11006984114646912,0.064606212079525,9.854840278625488
1163,0.001527163083665073,0.001679879380390048,0.001527163083665073,-0.11006984114646912,0.064606212079525,9.854840278625488
1168,0.001527163083665073,0.001679879380390048,0.001527163083665073,-0.11006984114646912,0.06939185410737991,9.859625816345215
1181,0.0009162978967651725,0.0,0.0007635815418325365,-0.11006984114646912,0.06939185410737991,9.859625816345215
1186,0.0009162978967651725,0.0,0.0007635815418325365,-0.11006984114646912,0.064606212079525,9.859625816345215
1199,0.0006108652451075613,0.0010690141934901476,0.0010690141934901476,-0.11006984114646912,0.064606212079525,9.859625816345215
1204,0.0006108652451075613,0.0010690141934901476,0.0010690141934901476,-0.11006984114646912,0.064606212079525,9.854840278625488
1217,0.001679879380390048,0.0003054326225537807,0.0019853119738399982,-0.11006984114646912,0.064606212079525,9.854840278625488
1222,0.001679879380390048,0.0003054326225537807,0.0019853119738399982,-0.11964113265275955,0.07417750358581543,9.854840278625488
1235,0.00015271631127689034,0.0007635815418325365,0.001679879380390048,-0.11964113265275955,0.07417750358581543,9.854840278625488
1240,0.00015271631127689034,0.0007635815418325365,0.001679879380390048,-0.11964113265275955,0.07417750358581543,9.854840278625488
1253,0.0006108652451075613,-0.0009162978967651725,0.0010690141934901476,-0.11964113265275955,0.07417750358581543,9.854840278625488
1257,0.0006108652451075613,-0.0009162978967651725,0.0010690141934901476,-0.11485548317432404,0.06939185410737991,9.845269203186035
1271,-0.0007635815418325365,0.0009162978967651725,0.0012217304902151227,-0.11485548317432404,0.06939185410737991,9.845269203186035
1275,-0.0007635815418325365,0.0009162978967651725,0.0012217304902151227,-0.11964113265275955,0.059820566326379776,9.859625816345215
1289,0.0007635815418325365,0.0013744467869400978,0.0010690141934901476,-0.11964113265275955,0.059820566326379776,9.859625816345215
1293,0.0007635815418325365,0.0013744467869400978,0.0010690141934901476,-0.11485548317432404,0.064606212079525,9.854840278625488
1307,0.0010690141934901476,0.0007635815418325365,0.0010690141934901476,-0.11485548317432404,0.064606212079525,9.854840278625488
1311,0.0010690141934901476,0.0007635815418325365,0.0010690141934901476,-0.12442677468061447,0.064606212079525,9.854840278625488
1325,0.0013744467869400978,0.0006108652451075613,0.001527163083665073,-0.12442677468061447,0.064606212079525,9.854840278625488
1329,0.0013744467869400978,0.0006108652451075613,0.001527163083665073,-0.11485548317432404,0.064606212079525,9.864411354064941
1343,0.00045814894838258624,-0.0006108652451075613,0.0007635815418325365,-0.11485548317432404,0.064606212079525,9.864411354064941
1347,0.00045814894838258624,-0.0006108652451075613,0.0007635815418325365,-0.11006984114646912,0.06939185410737991,9.854840278625488
1360,0.0006108652451075613,-0.0009162978967651725,0.0010690141934901476,-0.11006984114646912,0.06939185410737991,9.854840278625488
1365,0.0006108652451075613,-0.0009162978967651725,0.0010690141934901476,-0.11964113265275955,0.06939185410737991,9.845269203186035
1378,0.00045814894838258624,0.0009162978967651725,0.001832595793530345,-0.11964113265275955,0.06939185410737991,9.845269203186035
1383,0.00045814894838258624,0.0009162978967651725,0.001832595793530345,-0.11964113265275955,0.06939185410737991,9.859625816345215
1396,0.001679879380390048,0.00015271631127689034,0.0009162978967651725,-0.11964113265275955,0.06939185410737991,9.859625816345215
1401,0.001679879380390048,0.00015271631127689034,0.0009162978967651725,-0.11485548317432404,0.06939185410737991,9.859625816345215
1414,0.001832595793530345,-0.00015271631127689034,0.002138028386980295,-0.11485548317432404,0.06939185410737991,9.859625816345215
1419,0.001832595793530345,-0.00015271631127689034,0.002138028386980295,-0.11964113265275955,0.064606212079525,9.850054740905762
1432,0.0003054326225537807,0.0012217304902151227,0.0019853119738399982,-0.11964113265275955,0.064606212079525,9.850054740905762
1436,0.0003054326225537807,0.0012217304902151227,0.0019853119738399982,-0.11485548317432404,0.059820566326379776,9.859625816345215
1450,0.0010690141934901476,0.0013744467869400978,0.0010690141934901476,-0.11485548317432404,0.059820566326379776,9.859625816345215
1454,0.0010690141934901476,0.0013744467869400978,0.0010690141934901476,-0.11964113265275955,0.064606212079525,9.850054740905762
1468,0.0027488935738801956,0.0007635815418325365,0.001527163083665073,-0.11964113265275955,0.064606212079525,9.850054740905762
1472,0.0027488935738801956,0.0007635815418325365,0.001527163083665073,-0.11485548317432404,0.06939185410737991,9.859625816345215
1486,0.00015271631127689034,0.0012217304902151227,0.002138028386980295,-0.11485548317432404,0.06939185410737991,9.859625816345215
1490,0.00015271631127689034,0.0012217304902151227,0.002138028386980295,-0.1052841991186142,0.059820566326379776,9.850054740905762
1504,0.00045814894838258624,0.001679879380390048,0.0010690141934901476,-0.1052841991186142,0.059820566326379776,9.850054740905762
1508,0.00045814894838258624,0.001679879380390048,0.0010690141934901476,-0.11964113265275955,0.06939185410737991,9.850054740905762
1522,0.0009162978967651725,0.001679879380390048,0.0013744467869400978,-0.11964113265275955,0.06939185410737991,9.850054740905762
1526,0.0009162978967651725,0.001679879380390048,0.0013744467869400978,-0.11545369029045105,0.06939185410737991,9.859625816345215
1539,0.001832595793530345,-0.0009162978967651725,0.0025961773935705423,-0.11545369029045105,0.06939185410737991,9.859625816345215
1544,0.001832595793530345,-0.0009162978967651725,0.0025961773935705423,-0.11485548317432404,0.064606212079525,9.854840278625488
1557,0.0010690141934901476,0.0006108652451075613,0.0019853119738399982,-0.11485548317432404,0.064606212079525,9.854840278625488
1562,0.0010690141934901476,0.0006108652451075613,0.0019853119738399982,-0.11964113265275955,0.06939185410737991,9.854840278625488
1575,0.0009162978967651725,-0.0006108652451075613,0.001832595793530345,-0.11964113265275955,0.06939185410737991,9.854840278625488
1580,0.0009162978967651725,-0.0006108652451075613,0.001832595793530345,-0.11485548317432404,0.07417750358581543,9.859625816345215
1593,0.0009162978967651725,0.0010690141934901476,0.001679879380390048,-0.11485548317432404,0.07417750358581543,9.859625816345215
1598,0.0009162978967651725,0.0010690141934901476,0.001679879380390048,-0.11964113265275955,0.06939185410737991,9.864411354064941
1611,0.0007635815418325365,0.0019853119738399982,0.001679879380390048,-0.11964113265275955,0.06939185410737991,9.864411354064941
1616,0.0007635815418325365,0.0019853119738399982,0.001679879380390048,-0.12442677468061447,0.06939185410737991,9.854840278625488
1629,0.0007635815418325365,0.00015271631127689034,0.0006108652451075613,-0.12442677468061447,0.06939185410737991,9.854840278625488
1633,0.0007635815418325365,0.00015271631127689034,0.0006108652451075613,-0.11066804826259613,0.07896314561367035,9.854840278625488
1647,0.0009162978967651725,0.002138028386980295,0.001527163083665073,-0.11066804826259613,0.07896314561367035,9.854840278625488
1651,0.0009162978967651725,0.002138028386980295,0.001527163083665073,-0.11485548317432404,0.06939185410737991,9.854840278625488
1665,0.001832595793530345,0.0012217304902151227,0.0027488935738801956,-0.11485548317432404,0.06939185410737991,9.854840278625488
1669,0.001832595793530345,0.0012217304902151227,0.0027488935738801956,-0.12442677468061447,0.064606212079525,9.864411354064941
1683,0.0009162978967651725,0.001679879380390048,0.0007635815418325365,-0.12442677468061447,0.064606212079525,9.864411354064941
1687,0.0009162978967651725,0.001679879380390048,0.0007635815418325365,-0.12442677468061447,0.064606212079525,9.859625816345215
1701,0.001679879380390048,0.0009162978967651725,0.0024434609804302454,-0.12442677468061447,0.064606212079525,9.859625816345215
1705,0.001679879380390048,0.0009162978967651725,0.0024434609804302454,-0.11006984114646912,0.06939185410737991,9.859625816345215
1718,-0.00045814894838258624,0.0009162978967651725,0.001832595793530345,-0.11006984114646912,0.06939185410737991,9.859625816345215
1723,-0.00045814894838258624,0.0009162978967651725,0.001832595793530345,-0.11964113265275955,0.06939185410737991,9.859625816345215
1736,0.00015271631127689034,0.0,0.0022907445672899485,-0.11964113265275955,0.06939185410737991,9.859625816345215
1741,0.00015271631127689034,0.0,0.0022907445672899485,-0.11485548317432404,0.059820566326379776,9.845269203186035
1754,0.00015271631127689034,0.0009162978967651725,0.0010690141934901476,-0.11485548317432404,0.059820566326379776,9.845269203186035
1759,0.00015271631127689034,0.0009162978967651725,0.0010690141934901476,-0.11964113265275955,0.064606212079525,9.854840278625488
1772,0.0,0.0012217304902151227,0.0003054326225537807,-0.11964113265275955,0.064606212079525,9.854840278625488
1777,0.0,0.0012217304902151227,0.0003054326225537807,-0.11006984114646912,0.064606212079525,9.859625816345215
1790,0.0012217304902151227,0.001832595793530345,0.0025961773935705423,-0.11006984114646912,0.064606212079525,9.859625816345215
1795,0.0012217304902151227,0.001832595793530345,0.0025961773935705423,-0.11006984114646912,0.06939185410737991,9.864411354064941
1808,0.0019853119738399982,0.0006108652451075613,0.001679879380390048,-0.11006984114646912,0.06939185410737991,9.864411354064941
1812,0.0019853119738399982,0.0006108652451075613,0.001679879380390048,-0.11485548317432404,0.07417750358581543,9.850054740905762
1826,0.00015271631127689034,0.0006108652451075613,0.0009162978967651725,-0.11485548317432404,0.07417750358581543,9.850054740905762
1830,0.00015271631127689034,0.0006108652451075613,0.0009162978967651725,-0.11485548317432404,0.064606212079525,9.859625816345215
1844,0.0025961773935705423,0.0013744467869400978,0.0006108652451075613,-0.11485548317432404,0.064606212079525,9.859625816345215
1848,0.0025961773935705423,0.0013744467869400978,0.0006108652451075613,-0.13878370821475983,0.064606212079525,9.850054740905762
1862,0.002138028386980295,0.0,0.0006108652451075613,-0.13878370821475983,0.064606212079525,9.850054740905762
1866,0.002138028386980295,0.0,0.0006108652451075613,-0.11006984114646912,0.05503492057323456,9.850054740905762
1880,0.00015271631127689034,-0.0003054326225537807,0.001832595793530345,-0.11006984114646912,0.05503492057323456,9.850054740905762
1884,0.00015271631127689034,-0.0003054326225537807,0.001832595793530345,-0.129810631275177,0.09810572862625122,9.883553504943848
1897,-0.0007635815418325365,0.0007635815418325365,0.0009162978967651725,-0.129810631275177,0.09810572862625122,9.883553504943848
1902,-0.0007635815418325365,0.0007635815418325365,0.0009162978967651725,-0.11964113265275955,0.035892341285943985,9.811769485473633
1915,0.0003054326225537807,-0.0003054326225537807,0.0010690141934901476,-0.11964113265275955,0.035892341285943985,9.811769485473633
1920,0.0003054326225537807,-0.0003054326225537807,0.0010690141934901476,-0.10588239878416061,0.09810572862625122,9.878767967224121
1933,0.001527163083665073,0.00015271631127689034,0.002138028386980295,-0.10588239878416061,0.09810572862625122,9.878767967224121
1938,0.001527163083665073,0.00015271631127689034,0.002138028386980295,-0.12921242415905,0.06939185410737991,9.850054740905762
1951,0.0019853119738399982,0.0009162978967651725,0.0010690141934901476,-0.12921242415905,0.06939185410737991,9.850054740905762
1956,0.0019853119738399982,0.0009162978967651725,0.0010690141934901476,-0.11006984114646912,0.04546362906694412,9.830911636352539
1956,0.0019853119738399982,0.0009162978967651725,0.0010690141934901476,-0.11006984114646912,0.04546362906694412,9.830911636352539
1969,0.0009162978967651725,0.0003054326225537807,0.0006108652451075613,-0.11006984114646912,0.04546362906694412,9.830911636352539
1974,0.0009162978967651725,0.0003054326225537807,0.0006108652451075613,-0.12442677468061447,0.10289137065410614,9.859027862548828
1987,0.0007635815418325365,0.001527163083665073,0.0003054326225537807,-0.12442677468061447,0.10289137065410614,9.859027862548828
1991,0.0007635815418325365,0.001527163083665073,0.0003054326225537807,-0.10049854964017868,0.05503492057323456,9.850054740905762
2005,0.00015271631127689034,0.0006108652451075613,0.0013744467869400978,-0.10049854964017868,0.05503492057323456,9.850054740905762
2009,0.00015271631127689034,0.0006108652451075613,0.0013744467869400978,-0.11964113265275955,0.04546362906694412,9.869196891784668
2023,0.0007635815418325365,0.0007635815418325365,0.001679879380390048,-0.11964113265275955,0.04546362906694412,9.869196891784668
2027,0.0007635815418325365,0.0007635815418325365,0.001679879380390048,-0.12921242415905,0.08853443711996078,9.845269203186035
2041,0.001832595793530345,0.0,0.0007635815418325365,-0.12921242415905,0.08853443711996078,9.845269203186035
2045,0.001832595793530345,0.0,0.0007635815418325365,-0.11964113265275955,0.059820566326379776,9.850054740905762
2059,-0.0003054326225537807,0.0006108652451075613,0.0007635815418325365,-0.11964113265275955,0.059820566326379776,9.850054740905762
2063,-0.0003054326225537807,0.0006108652451075613,0.0007635815418325365,-0.11485548317432404,0.07896314561367035,9.864411354064941
2076,0.0006108652451075613,0.0,0.001527163083665073,-0.11485548317432404,0.07896314561367035,9.864411354064941
2081,0.0006108652451075613,0.0,0.001527163083665073,-0.11006984114646912,0.04546362906694412,9.883553504943848
2094,0.0019853119738399982,0.0006108652451075613,0.0010690141934901476,-0.11006984114646912,0.04546362906694412,9.883553504943848
2099,0.0019853119738399982,0.0006108652451075613,0.0010690141934901476,-0.11006984114646912,0.06939185410737991,9.850054740905762
2112,0.0019853119738399982,0.0010690141934901476,0.0010690141934901476,-0.11006984114646912,0.06939185410737991,9.850054740905762
2117,0.0019853119738399982,0.0010690141934901476,0.0010690141934901476,-0.12921242415905,0.06939185410737991,9.845269203186035
2130,0.001679879380390048,0.00045814894838258624,0.0,-0.12921242415905,0.06939185410737991,9.845269203186035
2135,0.001679879380390048,0.00045814894838258624,0.0,-0.11964113265275955,0.064606212079525,9.854840278625488
2148,0.0009162978967651725,0.0013744467869400978,0.001527163083665073,-0.11964113265275955,0.064606212079525,9.854840278625488
2153,0.0009162978967651725,0.0013744467869400978,0.001527163083665073,-0.11006984114646912,0.059820566326379776,9.878767967224121
2166,0.00045814894838258624,0.0003054326225537807,0.00045814894838258624,-0.11006984114646912,0.059820566326379776,9.878767967224121
2170,0.00045814894838258624,0.0003054326225537807,0.00045814894838258624,-0.11485548317432404,0.04546362906694412,9.864411354064941
2184,0.001679879380390048,0.00015271631127689034,0.001527163083665073,-0.11485548317432404,0.04546362906694412,9.864411354064941
2188,0.001679879380390048,0.00015271631127689034,0.001527163083665073,-0.1052841991186142,0.07417750358581543,9.845269203186035
2202,0.0012217304902151227,0.0006108652451075613,0.0007635815418325365,-0.1052841991186142,0.07417750358581543,9.845269203186035
2206,0.0012217304902151227,0.0006108652451075613,0.0007635815418325365,-0.12921242415905,0.08374879509210587,9.850054740905762
2220,0.001679879380390048,0.00015271631127689034,0.001832595793530345,-0.12921242415905,0.08374879509210587,9.850054740905762
2224,0.001679879380390048,0.00015271631127689034,0.001832595793530345,-0.11006984114646912,0.064606212079525,9.854840278625488
2238,0.002138028386980295,0.002138028386980295,0.001832595793530345,-0.11006984114646912,0.064606212079525,9.854840278625488
2242,0.002138028386980295,0.002138028386980295,0.001832595793530345,-0.11485548317432404,0.064606212079525,9.859625816345215
2255,0.0009162978967651725,0.0006108652451075613,0.001679879380390048,-0.11485548317432404,0.064606212079525,9.859625816345215
2260,0.0009162978967651725,0.0006108652451075613,0.001679879380390048,-0.11964113265275955,0.064606212079525,9.859625816345215
2273,0.00015271631127689034,0.00015271631127689034,0.002138028386980295,-0.11964113265275955,0.064606212079525,9.859625816345215
2278,0.00015271631127689034,0.00015271631127689034,0.002138028386980295,-0.11964113265275955,0.06939185410737991,9.854840278625488
2291,0.0009162978967651725,0.0013744467869400978,0.001832595793530345,-0.11964113265275955,0.06939185410737991,9.854840278625488
2296,0.0009162978967651725,0.0013744467869400978,0.001832595793530345,-0.12442677468061447,0.06939185410737991,9.859027862548828
2309,0.00015271631127689034,0.00045814894838258624,0.0019853119738399982,-0.12442677468061447,0.06939185410737991,9.859027862548828
2314,0.00015271631127689034,0.00045814894838258624,0.0019853119738399982,-0.11964113265275955,0.064606212079525,9.863813400268555
2327,0.00045814894838258624,0.001527163083665073,0.001832595793530345,-0.11964113265275955,0.064606212079525,9.863813400268555
2332,0.00045814894838258624,0.001527163083665073,0.001832595793530345,-0.11964113265275955,0.064606212079525,9.854840278625488
2345,0.0019853119738399982,-0.001527163083665073,0.0007635815418325365,-0.11964113265275955,0.064606212079525,9.854840278625488
2349,0.0019853119738399982,-0.001527163083665073,0.0007635815418325365,-0.11485548317432404,0.06939185410737991,9.854840278625488
2363,0.0007635815418325365,0.0007635815418325365,0.0007635815418325365,-0.11485548317432404,0.06939185410737991,9.854840278625488
2367,0.0007635815418325365,0.0007635815418325365,0.0007635815418325365,-0.11485548317432404,0.06939185410737991,9.850054740905762
2381,0.0009162978967651725,0.0006108652451075613,0.001527163083665073,-0.11485548317432404,0.06939185410737991,9.850054740905762
2385,0.0009162978967651725,0.0006108652451075613,0.001527163083665073,-0.12442677468061447,0.059820566326379776,9.850054740905762
2399,0.001679879380390048,0.0,0.0007635815418325365,-0.12442677468061447,0.059820566326379776,9.850054740905762
2403,0.001679879380390048,0.0,0.0007635815418325365,-0.11485548317432404,0.064606212079525,9.859625816345215
2417,0.0013744467869400978,0.00045814894838258624,0.001679879380390048,-0.11485548317432404,0.064606212079525,9.859625816345215
2421,0.0013744467869400978,0.00045814894838258624,0.001679879380390048,-0.11964113265275955,0.07417750358581543,9.859027862548828
2435,0.0010690141934901476,0.0009162978967651725,0.00045814894838258624,-0.11964113265275955,0.07417750358581543,9.859027862548828
2439,0.0010690141934901476,0.0009162978967651725,0.00045814894838258624,-0.11006984114646912,0.06939185410737991,9.854840278625488
2452,0.001832595793530345,0.0006108652451075613,0.0012217304902151227,-0.11006984114646912,0.06939185410737991,9.854840278625488
2457,0.001832595793530345,0.0006108652451075613,0.0012217304902151227,-0.12442677468061447,0.06939185410737991,9.854840278625488
2470,0.0012217304902151227,0.0010690141934901476,0.001832595793530345,-0.12442677468061447,0.06939185410737991,9.854840278625488
2475,0.0012217304902151227,0.0010690141934901476,0.001832595793530345,-0.11485548317432404,0.059820566326379776,9.859625816345215
2488,0.00045814894838258624,0.001679879380390048,0.001679879380390048,-0.11485548317432404,0.059820566326379776,9.859625816345215
2493,0.00045814894838258624,0.001679879380390048,0.001679879380390048,-0.11006984114646912,0.05503492057323456,9.859625816345215
2506,0.0013744467869400978,0.0009162978967651725,0.0024434609804302454,-0.11006984114646912,0.05503492057323456,9.859625816345215
2511,0.0013744467869400978,0.0009162978967651725,0.0024434609804302454,-0.11964113265275955,0.06939185410737991,9.849455833435059
2524,0.0007635815418325365,0.0003054326225537807,0.0013744467869400978,-0.11964113265275955,0.06939185410737991,9.849455833435059
2529,0.0007635815418325365,0.0003054326225537807,0.0013744467869400978,-0.11964113265275955,0.06939185410737991,9.849455833435059
2542,0.0012217304902151227,0.001527163083665073,0.0013744467869400978,-0.11964113265275955,0.06939185410737991,9.849455833435059
2546,0.0012217304902151227,0.001527163083665073,0.0013744467869400978,-0.11006984114646912,0.064606212079525,9.854242324829102
2560,0.0010690141934901476,-0.0007635815418325365,0.001832595793530345,-0.11006984114646912,0.064606212079525,9.854242324829102
2564,0.0010690141934901476,-0.0007635815418325365,0.001832595793530345,-0.12442677468061447,0.064606212079525,9.863813400268555
2578,0.0006108652451075613,0.0003054326225537807,0.001527163083665073,-0.12442677468061447,0.064606212079525,9.863813400268555
2582,0.0006108652451075613,0.0003054326225537807,0.001527163083665073,-0.11485548317432404,0.05503492057323456,9.854840278625488
2596,0.0003054326225537807,0.00015271631127689034,0.001679879380390048,-0.11485548317432404,0.05503492057323456,9.854840278625488
2600,0.0003054326225537807,0.00015271631127689034,0.001679879380390048,-0.11485548317432404,0.07417750358581543,9.850054740905762
2614,0.001679879380390048,0.0009162978967651725,0.0013744467869400978,-0.11485548317432404,0.07417750358581543,9.850054740905762
2618,0.001679879380390048,0.0009162978967651725,0.0013744467869400978,-0.11964113265275955,0.064606212079525,9.854840278625488
2631,0.002138028386980295,0.0007635815418325365,0.001679879380390048,-0.11964113265275955,0.064606212079525,9.854840278625488
2636,0.002138028386980295,0.0007635815418325365,0.001679879380390048,-0.11006984114646912,0.06939185410737991,9.854840278625488
2649,0.0012217304902151227,0.0003054326225537807,0.001832595793530345,-0.11006984114646912,0.06939185410737991,9.854840278625488
2654,0.0012217304902151227,0.0003054326225537807,0.001832595793530345,-0.11485548317432404,0.064606212079525,9.849455833435059
2667,0.001527163083665073,0.0010690141934901476,0.0024434609804302454,-0.11485548317432404,0.064606212079525,9.849455833435059
2672,0.001527163083665073,0.0010690141934901476,0.0024434609804302454,-0.11964113265275955,0.06939185410737991,9.868598937988281
2685,0.0006108652451075613,0.0007635815418325365,0.0012217304902151227,-0.11964113265275955,0.06939185410737991,9.868598937988281
2690,0.0006108652451075613,0.0007635815418325365,0.0012217304902151227,-0.11006984114646912,0.064606212079525,9.849455833435059
2703,0.0,0.0010690141934901476,0.0,-0.11006984114646912,0.064606212079525,9.849455833435059
2708,0.0,0.0010690141934901476,0.0,-0.11485548317432404,0.064606212079525,9.854242324829102
2721,0.0003054326225537807,-0.00045814894838258624,0.0013744467869400978,-0.11485548317432404,0.064606212079525,9.854242324829102
2725,0.0003054326225537807,-0.00045814894838258624,0.0013744467869400978,-0.11964113265275955,0.059820566326379776,9.854840278625488
2739,0.0003054326225537807,0.0009162978967651725,0.0007635815418325365,-0.11964113265275955,0.059820566326379776,9.854840278625488
2743,0.0003054326225537807,0.0009162978967651725,0.0007635815418325365,-0.11964113265275955,0.064606212079525,9.854840278625488
2757,0.001832595793530345,0.0006108652451075613,0.0024434609804302454,-0.11964113265275955,0.064606212079525,9.854840278625488
2761,0.001832595793530345,0.0006108652451075613,0.0024434609804302454,-0.11485548317432404,0.06939185410737991,9.859625816345215
2775,0.0013744467869400978,-0.00045814894838258624,0.0007635815418325365,-0.11485548317432404,0.06939185410737991,9.859625816345215
2779,0.0013744467869400978,-0.00045814894838258624,0.0007635815418325365,-0.12442677468061447,0.064606212079525,9.859625816345215
2793,0.0009162978967651725,0.0012217304902151227,0.0010690141934901476,-0.12442677468061447,0.064606212079525,9.859625816345215
2797,0.0009162978967651725,0.0012217304902151227,0.0010690141934901476,-0.11006984114646912,0.06939185410737991,9.859625816345215
2810,-0.0006108652451075613,0.0006108652451075613,0.0019853119738399982,-0.11006984114646912,0.06939185410737991,9.859625816345215
2815,-0.0006108652451075613,0.0006108652451075613,0.0019853119738399982,-0.11485548317432404,0.064606212079525,9.854840278625488
2828,0.0007635815418325365,0.001832595793530345,0.0013744467869400978,-0.11485548317432404,0.064606212079525,9.854840278625488
2833,0.0007635815418325365,0.001832595793530345,0.0013744467869400978,-0.11964113265275955,0.06939185410737991,9.859625816345215
2846,0.0007635815418325365,0.0010690141934901476,0.0019853119738399982,-0.11964113265275955,0.06939185410737991,9.859625816345215
2851,0.0007635815418325365,0.0010690141934901476,0.0019853119738399982,-0.12442677468061447,0.059820566326379776,9.854840278625488
2864,0.0007635815418325365,0.001527163083665073,0.001679879380390048,-0.12442677468061447,0.059820566326379776,9.854840278625488
2869,0.0007635815418325365,0.001527163083665073,0.001679879380390048,-0.11964113265275955,0.064606212079525,9.859027862548828
2882,0.0010690141934901476,0.0006108652451075613,0.0019853119738399982,-0.11964113265275955,0.064606212079525,9.859027862548828
2887,0.0010690141934901476,0.0006108652451075613,0.0019853119738399982,-0.11964113265275955,0.06939185410737991,9.854242324829102
2900,-0.00015271631127689034,0.0006108652451075613,0.0010690141934901476,-0.11964113265275955,0.06939185410737991,9.854242324829102
2904,-0.00015271631127689034,0.0006108652451075613,0.0010690141934901476,-0.11006984114646912,0.064606212079525,9.863813400268555
2918,0.00015271631127689034,0.0009162978967651725,0.0010690141934901476,-0.11006984114646912,0.064606212079525,9.863813400268555
2922,0.00015271631127689034,0.0009162978967651725,0.0010690141934901476,-0.12442677468061447,0.06939185410737991,9.859027862548828
2936,0.0007635815418325365,0.0009162978967651725,0.0003054326225537807,-0.12442677468061447,0.06939185410737991,9.859027862548828
2940,0.0007635815418325365,0.0009162978967651725,0.0003054326225537807,-0.11485548317432404,0.064606212079525,9.844670295715332
2954,0.0007635815418325365,0.0003054326225537807,0.001679879380390048,-0.11485548317432404,0.064606212079525,9.844670295715332
2958,0.0007635815418325365,0.0003054326225537807,0.001679879380390048,-0.11964113265275955,0.064606212079525,9.859027862548828
2958,0.0007635815418325365,0.0003054326225537807,0.001679879380390048,-0.11964113265275955,0.064606212079525,9.859027862548828
2972,0.0010690141934901476,0.0007635815418325365,0.001527163083665073,-0.11964113265275955,0.064606212079525,9.859027862548828
2976,0.0010690141934901476,0.0007635815418325365,0.001527163083665073,-0.11485548317432404,0.06939185410737991,9.859027862548828
2989,0.0013744467869400978,0.00015271631127689034,0.002138028386980295,-0.11485548317432404,0.06939185410737991,9.859027862548828
2994,0.0013744467869400978,0.00015271631127689034,0.002138028386980295,-0.11485548317432404,0.064606212079525,9.854242324829102
3007,0.0010690141934901476,0.0,0.0025961773935705423,-0.11485548317432404,0.064606212079525,9.854242324829102
3012,0.0010690141934901476,0.0,0.0025961773935705423,-0.11964113265275955,0.064606212079525,9.854840278625488
3025,0.00015271631127689034,0.0009162978967651725,0.0010690141934901476,-0.11964113265275955,0.064606212079525,9.854840278625488
3030,0.00015271631127689034,0.0009162978967651725,0.0010690141934901476,-0.11964113265275955,0.064606212079525,9.859625816345215
3043,0.001832595793530345,0.0009162978967651725,0.0006108652451075613,-0.11964113265275955,0.064606212079525,9.859625816345215
3048,0.001832595793530345,0.0009162978967651725,0.0006108652451075613,-0.11964113265275955,0.06939185410737991,9.854840278625488
3061,0.0010690141934901476,-0.00045814894838258624,0.001527163083665073,-0.11964113265275955,0.06939185410737991,9.854840278625488
3066,0.0010690141934901476,-0.00045814894838258624,0.001527163083665073,-0.11964113265275955,0.064606212079525,9.859625816345215
3079,0.002138028386980295,-0.00045814894838258624,0.0025961773935705423,-0.11964113265275955,0.064606212079525,9.859625816345215
3083,0.002138028386980295,-0.00045814894838258624,0.0025961773935705423,-0.11964113265275955,0.064606212079525,9.859625816345215
3097,0.0010690141934901476,0.0006108652451075613,0.001832595793530345,-0.11964113265275955,0.064606212079525,9.859625816345215
3101,0.0010690141934901476,0.0006108652451075613,0.001832595793530345,-0.11485548317432404,0.064606212079525,9.854840278625488
3115,-0.00015271631127689034,0.0009162978967651725,0.001527163083665073,-0.11485548317432404,0.064606212079525,9.854840278625488
3119,-0.00015271631127689034,0.0009162978967651725,0.001527163083665073,-0.11006984114646912,0.07417750358581543,9.854840278625488
3133,0.0010690141934901476,0.0022907445672899485,0.0013744467869400978,-0.11006984114646912,0.07417750358581543,9.854840278625488
3137,0.0010690141934901476,0.0022907445672899485,0.0013744467869400978,-0.11006984114646912,0.064606212079525,9.859625816345215
3151,0.0,0.001527163083665073,0.0009162978967651725,-0.11006984114646912,0.064606212079525,9.859625816345215
3155,0.0,0.001527163083665073,0.0009162978967651725,-0.11964113265275955,0.07417750358581543,9.854840278625488
3168,0.0013744467869400978,0.002138028386980295,0.001832595793530345,-0.11964113265275955,0.07417750358581543,9.854840278625488
3173,0.0013744467869400978,0.002138028386980295,0.001832595793530345,-0.11964113265275955,0.06939185410737991,9.859625816345215
3186,0.0013744467869400978,0.0003054326225537807,0.00045814894838258624,-0.11964113265275955,0.06939185410737991,9.859625816345215
3191,0.0013744467869400978,0.0003054326225537807,0.00045814894838258624,-0.12442677468061447,0.064606212079525,9.859625816345215
3204,-0.0012217304902151227,0.0010690141934901476,0.001679879380390048,-0.12442677468061447,0.064606212079525,9.859625816345215
3209,-0.0012217304902151227,0.0010690141934901476,0.001679879380390048,-0.12442677468061447,0.07417750358581543,9.859625816345215
3222,0.001832595793530345,0.0006108652451075613,0.001679879380390048,-0.12442677468061447,0.07417750358581543,9.859625816345215
3227,0.001832595793530345,0.0006108652451075613,0.001679879380390048,-0.11964113265275955,0.06939185410737991,9.859625816345215
3240,0.0006108652451075613,-0.0010690141934901476,0.001832595793530345,-0.11964113265275955,0.06939185410737991,9.859625816345215
3245,0.0006108652451075613,-0.0010690141934901476,0.001832595793530345,-0.11964113265275955,0.05503492057323456,9.864411354064941
3258,0.0006108652451075613,-0.00045814894838258624,0.0009162978967651725,-0.11964113265275955,0.05503492057323456,9.864411354064941
3262,0.0006108652451075613,-0.00045814894838258624,0.0009162978967651725,-0.11964113265275955,0.064606212079525,9.859625816345215
3276,0.0009162978967651725,0.002138028386980295,0.001527163083665073,-0.11964113265275955,0.064606212079525,9.859625816345215
3280,0.0009162978967651725,0.002138028386980295,0.001527163083665073,-0.11964113265275955,0.06939185410737991,9.863813400268555
3294,0.0007635815418325365,-0.0007635815418325365,0.002138028386980295,-0.11964113265275955,0.06939185410737991,9.863813400268555
3298,0.0007635815418325365,-0.0007635815418325365,0.002138028386980295,-0.11485548317432404,0.07417750358581543,9.850054740905762
3312,0.0006108652451075613,-0.0007635815418325365,0.001527163083665073,-0.11485548317432404,0.07417750358581543,9.850054740905762
3316,0.0006108652451075613,-0.0007635815418325365,0.001527163083665073,-0.11964113265275955,0.06939185410737991,9.854840278625488
3330,0.0010690141934901476,0.0,0.0007635815418325365,-0.11964113265275955,0.06939185410737991,9.854840278625488
3334,0.0010690141934901476,0.0,0.0007635815418325365,-0.11006984114646912,0.064606212079525,9.845269203186035
3348,0.0010690141934901476,-0.0007635815418325365,0.0007635815418325365,-0.11006984114646912,0.064606212079525,9.845269203186035
3352,0.0010690141934901476,-0.0007635815418325365,0.0007635815418325365,-0.11964113265275955,0.064606212079525,9.854840278625488
3365,0.0006108652451075613,-0.00045814894838258624,0.0010690141934901476,-0.11964113265275955,0.064606212079525,9.854840278625488
3370,0.0006108652451075613,-0.00045814894838258624,0.0010690141934901476,-0.11485548317432404,0.064606212079525,9.849455833435059
3383,0.0019853119738399982,0.0,0.0007635815418325365,-0.11485548317432404,0.064606212079525,9.849455833435059
3388,0.0019853119738399982,0.0,0.0007635815418325365,-0.11964113265275955,0.06939185410737991,9.859027862548828
3401,0.0,-0.0003054326225537807,0.001832595793530345,-0.11964113265275955,0.06939185410737991,9.859027862548828
3406,0.0,-0.0003054326225537807,0.001832595793530345,-0.11006984114646912,0.06939185410737991,9.854242324829102
3419,0.0009162978967651725,0.001679879380390048,0.0010690141934901476,-0.11006984114646912,0.06939185410737991,9.854242324829102
3424,0.0009162978967651725,0.001679879380390048,0.0010690141934901476,-0.11485548317432404,0.07417750358581543,9.854242324829102
3437,0.0006108652451075613,0.0003054326225537807,0.0013744467869400978,-0.11485548317432404,0.07417750358581543,9.854242324829102
3441,0.0006108652451075613,0.0003054326225537807,0.0013744467869400978,-0.11006984114646912,0.07417750358581543,9.864411354064941
3455,0.0009162978967651725,0.002138028386980295,0.001527163083665073,-0.11006984114646912,0.07417750358581543,9.864411354064941
3459,0.0009162978967651725,0.002138028386980295,0.001527163083665073,-0.11006984114646912,0.059820566326379776,9.864411354064941
3473,0.0007635815418325365,-0.0003054326225537807,0.0006108652451075613,-0.11006984114646912,0.059820566326379776,9.864411354064941
3477,0.0007635815418325365,-0.0003054326225537807,0.0006108652451075613,-0.11485548317432404,0.064606212079525,9.859625816345215
3491,0.0007635815418325365,-0.0007635815418325365,0.001679879380390048,-0.11485548317432404,0.064606212079525,9.859625816345215
3495,0.0007635815418325365,-0.0007635815418325365,0.001679879380390048,-0.11964113265275955,0.064606212079525,9.854840278625488
3509,0.0009162978967651725,0.001832595793530345,0.0024434609804302454,-0.11964113265275955,0.064606212079525,9.854840278625488
3513,0.0009162978967651725,0.001832595793530345,0.0024434609804302454,-0.11964113265275955,0.06939185410737991,9.864411354064941
3527,0.00045814894838258624,-0.00015271631127689034,0.001679879380390048,-0.11964113265275955,0.06939185410737991,9.864411354064941
3531,0.00045814894838258624,-0.00015271631127689034,0.001679879380390048,-0.11964113265275955,0.07896314561367035,9.854840278625488
3544,0.00015271631127689034,0.0013744467869400978,0.001832595793530345,-0.11964113265275955,0.07896314561367035,9.854840278625488
3549,0.00015271631127689034,0.0013744467869400978,0.001832595793530345,-0.11006984114646912,0.064606212079525,9.854840278625488
3562,0.0003054326225537807,0.0022907445672899485,0.0007635815418325365,-0.11006984114646912,0.064606212079525,9.854840278625488
3567,0.0003054326225537807,0.0022907445672899485,0.0007635815418325365,-0.11964113265275955,0.059820566326379776,9.854840278625488
3580,0.00045814894838258624,0.0,0.0009162978967651725,-0.11964113265275955,0.059820566326379776,9.854840278625488
3585,0.00045814894838258624,0.0,0.0009162978967651725,-0.11485548317432404,0.064606212079525,9.864411354064941
3598,0.0010690141934901476,0.0006108652451075613,0.0025961773935705423,-0.11485548317432404,0.064606212079525,9.864411354064941
3603,0.0010690141934901476,0.0006108652451075613,0.0025961773935705423,-0.12442677468061447,0.064606212079525,9.854840278625488
3616,-0.0007635815418325365,0.0003054326225537807,0.001832595793530345,-0.12442677468061447,0.064606212079525,9.854840278625488
3621,-0.0007635815418325365,0.0003054326225537807,0.001832595793530345,-0.11485548317432404,0.06939185410737991,9.854840278625488
3634,-0.0003054326225537807,0.0009162978967651725,0.0027488935738801956,-0.11485548317432404,0.06939185410737991,9.854840278625488
3638,-0.0003054326225537807,0.0009162978967651725,0.0027488935738801956,-0.11964113265275955,0.06939185410737991,9.854840278625488
3652,0.001679879380390048,0.0003054326225537807,0.001527163083665073,-0.11964113265275955,0.06939185410737991,9.854840278625488
3656,0.001679879380390048,0.0003054326225537807,0.001527163083665073,-0.13878370821475983,0.07417750358581543,9.849455833435059
3670,0.0009162978967651725,0.00045814894838258624,-0.0003054326225537807,-0.13878370821475983,0.07417750358581543,9.849455833435059
3674,0.0009162978967651725,0.00045814894838258624,-0.0003054326225537807,-0.10049854964017868,0.05503492057323456,9.868598937988281
3688,0.00045814894838258624,0.00045814894838258624,0.0007635815418325365,-0.10049854964017868,0.05503492057323456,9.868598937988281
3692,0.00045814894838258624,0.00045814894838258624,0.0007635815418325365,-0.11964113265275955,0.064606212079525,9.854242324829102
3706,0.0012217304902151227,-0.0009162978967651725,0.001679879380390048,-0.11964113265275955,0.064606212079525,9.854242324829102
3710,0.0012217304902151227,-0.0009162978967651725,0.001679879380390048,-0.12921242415905,0.06939185410737991,9.863813400268555
3723,0.00015271631127689034,0.0,0.0013744467869400978,-0.12921242415905,0.06939185410737991,9.863813400268555
3728,0.00015271631127689034,0.0,0.0013744467869400978,-0.1052841991186142,0.059820566326379776,9.864411354064941
3741,0.001832595793530345,0.001527163083665073,0.0025961773935705423,-0.1052841991186142,0.059820566326379776,9.864411354064941
3746,0.001832595793530345,0.001527163083665073,0.0025961773935705423,-0.11964113265275955,0.06939185410737991,9.859625816345215
3759,-0.00045814894838258624,0.0007635815418325365,0.001527163083665073,-0.11964113265275955,0.06939185410737991,9.859625816345215
3764,-0.00045814894838258624,0.0007635815418325365,0.001527163083665073,-0.12921242415905,0.064606212079525,9.859625816345215
3777,0.00045814894838258624,0.0,0.0006108652451075613,-0.12921242415905,0.064606212079525,9.859625816345215
3782,0.00045814894838258624,0.0,0.0006108652451075613,-0.10049854964017868,0.05503492057323456,9.859625816345215
3795,0.00015271631127689034,-0.0013744467869400978,0.0006108652451075613,-0.10049854964017868,0.05503492057323456,9.859625816345215
3800,0.00015271631127689034,-0.0013744467869400978,0.0006108652451075613,-0.11964113265275955,0.06939185410737991,9.859625816345215
3813,0.0009162978967651725,0.0007635815418325365,0.0012217304902151227,-0.11964113265275955,0.06939185410737991,9.859625816345215
3817,0.0009162978967651725,0.0007635815418325365,0.0012217304902151227,-0.12442677468061447,0.06939185410737991,9.854840278625488
3831,0.0024434609804302454,-0.00045814894838258624,0.0007635815418325365,-0.12442677468061447,0.06939185410737991,9.854840278625488
3835,0.0024434609804302454,-0.00045814894838258624,0.0007635815418325365,-0.11964113265275955,0.059820566326379776,9.854840278625488
3849,0.0013744467869400978,-0.0006108652451075613,0.0009162978967651725,-0.11964113265275955,0.059820566326379776,9.854840278625488
3853,0.0013744467869400978,-0.0006108652451075613,0.0009162978967651725,-0.11485548317432404,0.06939185410737991,9.864411354064941
3867,-0.00015271631127689034,0.00015271631127689034,0.0013744467869400978,-0.11485548317432404,0.06939185410737991,9.864411354064941
3871,-0.00015271631127689034,0.00015271631127689034,0.0013744467869400978,-0.12442677468061447,0.06939185410737991,9.854840278625488
3885,-0.00015271631127689034,0.00045814894838258624,0.001679879380390048,-0.12442677468061447,0.06939185410737991,9.854840278625488
3889,-0.00015271631127689034,0.00045814894838258624,0.001679879380390048,-0.11485548317432404,0.064606212079525,9.854840278625488
3902,0.0007635815418325365,0.0012217304902151227,0.0003054326225537807,-0.11485548317432404,0.064606212079525,9.854840278625488
3907,0.0007635815418325365,0.0012217304902151227,0.0003054326225537807,-0.11485548317432404,0.06939185410737991,9.859625816345215
3920,0.0006108652451075613,0.00015271631127689034,0.0019853119738399982,-0.11485548317432404,0.06939185410737991,9.859625816345215
3925,0.0006108652451075613,0.00015271631127689034,0.0019853119738399982,-0.12442677468061447,0.06939185410737991,9.854840278625488
3938,0.001679879380390048,0.001679879380390048,0.0013744467869400978,-0.12442677468061447,0.06939185410737991,9.854840278625488
3943,0.001679879380390048,0.001679879380390048,0.0013744467869400978,-0.11485548317432404,0.064606212079525,9.854242324829102
3956,0.0012217304902151227,-0.0009162978967651725,0.0027488935738801956,-0.11485548317432404,0.064606212079525,9.854242324829102
3961,0.0012217304902151227,-0.0009162978967651725,0.0027488935738801956,-0.11485548317432404,0.064606212079525,9.854242324829102
3961,0.0012217304902151227,-0.0009162978967651725,0.0027488935738801956,-0.11485548317432404,0.064606212079525,9.854242324829102
3974,0.0007635815418325365,-0.00045814894838258624,0.002138028386980295,-0.11485548317432404,0.064606212079525,9.854242324829102
3979,0.0007635815418325365,-0.00045814894838258624,0.002138028386980295,-0.11964113265275955,0.059820566326379776,9.849455833435059
3992,0.00045814894838258624,-0.00045814894838258624,0.001527163083665073,-0.11964113265275955,0.059820566326379776,9.849455833435059
3996,0.00045814894838258624,-0.00045814894838258624,0.001527163083665073,-0.11485548317432404,0.064606212079525,9.863813400268555
4010,0.001832595793530345,-0.0006108652451075613,0.0013744467869400978,-0.11485548317432404,0.064606212079525,9.863813400268555
4014,0.001832595793530345,-0.0006108652451075613,0.0013744467869400978,-0.11964113265275955,0.064606212079525,9.863813400268555
4028,0.0003054326225537807,-0.0003054326225537807,-0.00045814894838258624,-0.11964113265275955,0.064606212079525,9.863813400268555
4032,0.0003054326225537807,-0.0003054326225537807,-0.00045814894838258624,-0.11964113265275955,0.059820566326379776,9.859027862548828
4046,0.0012217304902151227,-0.00015271631127689034,0.001679879380390048,-0.11964113265275955,0.059820566326379776,9.859027862548828
4050,0.0012217304902151227,-0.00015271631127689034,0.001679879380390048,-0.11006984114646912,0.06939185410737991,9.854242324829102
4064,0.0012217304902151227,-0.00015271631127689034,0.0012217304902151227,-0.11006984114646912,0.06939185410737991,9.854242324829102
4068,0.0012217304902151227,-0.00015271631127689034,0.0012217304902151227,-0.11964113265275955,0.059820566326379776,9.859027862548828
4081,-0.0007635815418325365,0.0013744467869400978,0.001679879380390048,-0.11964113265275955,0.059820566326379776,9.859027862548828
4086,-0.0007635815418325365,0.0013744467869400978,0.001679879380390048,-0.12442677468061447,0.059820566326379776,9.849455833435059
4099,-0.00015271631127689034,-0.001679879380390048,0.002138028386980295,-0.12442677468061447,0.059820566326379776,9.849455833435059
4104,-0.00015271631127689034,-0.001679879380390048,0.002138028386980295,-0.1052841991186142,0.064606212079525,9.859027862548828
4117,0.0006108652451075613,0.0012217304902151227,0.001679879380390048,-0.1052841991186142,0.064606212079525,9.859027862548828
4122,0.0006108652451075613,0.0012217304902151227,0.001679879380390048,-0.1052841991186142,0.064606212079525,9.854242324829102
4135,0.00045814894838258624,-0.00045814894838258624,0.0010690141934901476,-0.1052841991186142,0.064606212079525,9.854242324829102
4140,0.00045814894838258624,-0.00045814894838258624,0.0010690141934901476,-0.11485548317432404,0.06939185410737991,9.863813400268555
4153,-0.00015271631127689034,-0.0003054326225537807,0.001527163083665073,-0.11485548317432404,0.06939185410737991,9.863813400268555
4158,-0.00015271631127689034,-0.0003054326225537807,0.001527163083665073,-0.11485548317432404,0.07417750358581543,9.849455833435059
4171,-0.0006108652451075613,0.0,0.0022907445672899485,-0.11485548317432404,0.07417750358581543,9.849455833435059
4175,-0.0006108652451075613,0.0,0.0022907445672899485,-0.11485548317432404,0.06520441919565201,9.859027862548828
4189,0.0012217304902151227,0.00045814894838258624,0.001832595793530345,-0.11485548317432404,0.06520441919565201,9.859027862548828
4193,0.0012217304902151227,0.00045814894838258624,0.001832595793530345,-0.11006984114646912,0.06999006122350693,9.859027862548828
4207,-0.00015271631127689034,0.001832595793530345,0.0013744467869400978,-0.11006984114646912,0.06999006122350693,9.859027862548828
4211,-0.00015271631127689034,0.001832595793530345,0.0013744467869400978,-0.11964113265275955,0.06939185410737991,9.854242324829102
4225,0.00045814894838258624,0.0003054326225537807,0.0006108652451075613,-0.11964113265275955,0.06939185410737991,9.854242324829102
4229,0.00045814894838258624,0.0003054326225537807,0.0006108652451075613,-0.11964113265275955,0.059820566326379776,9.849455833435059
4243,0.0007635815418325365,0.0003054326225537807,0.001832595793530345,-0.11964113265275955,0.059820566326379776,9.849455833435059
4247,0.0007635815418325365,0.0003054326225537807,0.001832595793530345,-0.11964113265275955,0.064606212079525,9.863813400268555
4261,0.0006108652451075613,0.0010690141934901476,0.0010690141934901476,-0.11964113265275955,0.064606212079525,9.863813400268555
4265,0.0006108652451075613,0.0010690141934901476,0.0010690141934901476,-0.11485548317432404,0.064606212079525,9.849455833435059
4278,0.0009162978967651725,0.0,0.0007635815418325365,-0.11485548317432404,0.064606212079525,9.849455833435059
4283,0.0009162978967651725,0.0,0.0007635815418325365,-0.11964113265275955,0.064606212079525,9.849455833435059
4296,0.00015271631127689034,-0.0003054326225537807,0.0024434609804302454,-0.11964113265275955,0.064606212079525,9.849455833435059
4301,0.00015271631127689034,-0.0003054326225537807,0.0024434609804302454,-0.11485548317432404,0.06939185410737991,9.854242324829102
4314,0.0013744467869400978,0.0003054326225537807,0.001832595793530345,-0.11485548317432404,0.06939185410737991,9.854242324829102
4319,0.0013744467869400978,0.0003054326225537807,0.001832595793530345,-0.11964113265275955,0.06939185410737991,9.863813400268555
4332,0.0007635815418325365,0.0,0.0007635815418325365,-0.11964113265275955,0.06939185410737991,9.863813400268555
4337,0.0007635815418325365,0.0,0.0007635815418325365,-0.11485548317432404,0.064606212079525,9.854242324829102
4350,0.0013744467869400978,0.0006108652451075613,0.0009162978967651725,-0.11485548317432404,0.064606212079525,9.854242324829102
4354,0.0013744467869400978,0.0006108652451075613,0.0009162978967651725,-0.12442677468061447,0.064606212079525,9.849455833435059
4368,-0.00045814894838258624,0.001679879380390048,0.0006108652451075613,-0.12442677468061447,0.064606212079525,9.849455833435059
4372,-0.00045814894838258624,0.001679879380390048,0.0006108652451075613,-0.12442677468061447,0.064606212079525,9.859027862548828
4386,0.00015271631127689034,0.0007635815418325365,0.001832595793530345,-0.12442677468061447,0.064606212079525,9.859027862548828
4390,0.00015271631127689034,0.0007635815418325365,0.001832595793530345,-0.11964113265275955,0.059820566326379776,9.849455833435059
4404,0.0012217304902151227,0.0012217304902151227,0.0013744467869400978,-0.11964113265275955,0.059820566326379776,9.849455833435059
4408,0.0012217304902151227,0.0012217304902151227,0.0013744467869400978,-0.11964113265275955,0.064606212079525,9.859027862548828
4422,0.0006108652451075613,-0.0009162978967651725,0.0010690141934901476,-0.11964113265275955,0.064606212079525,9.859027862548828
4426,0.0006108652451075613,-0.0009162978967651725,0.0010690141934901476,-0.11485548317432404,0.05503492057323456,9.854242324829102
4440,0.0006108652451075613,-0.0009162978967651725,0.0009162978967651725,-0.11485548317432404,0.05503492057323456,9.854242324829102
4444,0.0006108652451075613,-0.0009162978967651725,0.0009162978967651725,-0.11964113265275955,0.064606212079525,9.859027862548828
4457,0.0012217304902151227,0.0006108652451075613,0.001832595793530345,-0.11964113265275955,0.064606212079525,9.859027862548828
4462,0.0012217304902151227,0.0006108652451075613,0.001832595793530345,-0.11964113265275955,0.06939185410737991,9.854242324829102
4475,0.0012217304902151227,0.001527163083665073,0.001832595793530345,-0.11964113265275955,0.06939185410737991,9.854242324829102
4480,0.0012217304902151227,0.001527163083665073,0.001832595793530345,-0.11485548317432404,0.06520441919565201,9.859027862548828
4493,0.00015271631127689034,0.001679879380390048,0.00045814894838258624,-0.11485548317432404,0.06520441919565201,9.859027862548828
4498,0.00015271631127689034,0.001679879380390048,0.00045814894838258624,-0.11964113265275955,0.059820566326379776,9.859027862548828
4511,0.0022907445672899485,0.00015271631127689034,0.001527163083665073,-0.11964113265275955,0.059820566326379776,9.859027862548828
4516,0.0022907445672899485,0.00015271631127689034,0.001527163083665073,-0.11485548317432404,0.07417750358581543,9.868598937988281
4529,0.0006108652451075613,0.0012217304902151227,0.0007635815418325365,-0.11485548317432404,0.07417750358581543,9.868598937988281
4534,0.0006108652451075613,0.0012217304902151227,0.0007635815418325365,-0.11964113265275955,0.064606212079525,9.859027862548828
4547,0.001679879380390048,0.00015271631127689034,0.001679879380390048,-0.11964113265275955,0.064606212079525,9.859027862548828
4551,0.001679879380390048,0.00015271631127689034,0.001679879380390048,-0.12442677468061447,0.064606212079525,9.868598937988281
4565,0.0012217304902151227,-0.00045814894838258624,0.001832595793530345,-0.12442677468061447,0.064606212079525,9.868598937988281
4569,0.0012217304902151227,-0.00045814894838258624,0.001832595793530345,-0.11964113265275955,0.059820566326379776,9.849455833435059
4583,0.0019853119738399982,0.00045814894838258624,0.002138028386980295,-0.11964113265275955,0.059820566326379776,9.849455833435059
4587,0.0019853119738399982,0.00045814894838258624,0.002138028386980295,-0.11964113265275955,0.064606212079525,9.854242324829102
4601,0.0007635815418325365,0.00045814894838258624,0.0024434609804302454,-0.11964113265275955,0.064606212079525,9.854242324829102
4605,0.0007635815418325365,0.00045814894838258624,0.0024434609804302454,-0.11964113265275955,0.064606212079525,9.849455833435059
4619,0.0006108652451075613,-0.0009162978967651725,0.0025961773935705423,-0.11964113265275955,0.064606212079525,9.849455833435059
4623,0.0006108652451075613,-0.0009162978967651725,0.0025961773935705423,-0.11485548317432404,0.064606212079525,9.849455833435059
4636,0.0006108652451075613,-0.0006108652451075613,0.001679879380390048,-0.11485548317432404,0.064606212079525,9.849455833435059
4641,0.0006108652451075613,-0.0006108652451075613,0.001679879380390048,-0.11485548317432404,0.064606212079525,9.849455833435059
4654,0.0,-0.0006108652451075613,0.0013744467869400978,-0.11485548317432404,0.064606212079525,9.849455833435059
4659,0.0,-0.0006108652451075613,0.0013744467869400978,-0.11964113265275955,0.064606212079525,9.863813400268555
4672,0.0007635815418325365,0.001679879380390048,0.0009162978967651725,-0.11964113265275955,0.064606212079525,9.863813400268555
4677,0.0007635815418325365,0.001679879380390048,0.0009162978967651725,-0.11964113265275955,0.06939185410737991,9.859027862548828
4690,-0.0006108652451075613,0.0003054326225537807,0.0010690141934901476,-0.11964113265275955,0.06939185410737991,9.859027862548828
4695,-0.0006108652451075613,0.0003054326225537807,0.0010690141934901476,-0.11485548317432404,0.064606212079525,9.849455833435059
4708,0.0007635815418325365,0.00015271631127689034,0.001832595793530345,-0.11485548317432404,0.064606212079525,9.849455833435059
4713,0.0007635815418325365,0.00015271631127689034,0.001832595793530345,-0.11485548317432404,0.06939185410737991,9.863813400268555
4726,0.0009162978967651725,-0.0006108652451075613,0.002138028386980295,-0.11485548317432404,0.06939185410737991,9.863813400268555
4730,0.0009162978967651725,-0.0006108652451075613,0.002138028386980295,-0.11485548317432404,0.06939185410737991,9.849455833435059
4744,0.0013744467869400978,-0.0010690141934901476,0.001832595793530345,-0.11485548317432404,0.06939185410737991,9.849455833435059
4748,0.0013744467869400978,-0.0010690141934901476,0.001832595793530345,-0.12442677468061447,0.059820566326379776,9.859027862548828
4762,0.00015271631127689034,0.0012217304902151227,0.0010690141934901476,-0.12442677468061447,0.059820566326379776,9.859027862548828
4766,0.00015271631127689034,0.0012217304902151227,0.0010690141934901476,-0.11485548317432404,0.06939185410737991,9.859027862548828
4780,0.0024434609804302454,0.0009162978967651725,0.001832595793530345,-0.11485548317432404,0.06939185410737991,9.859027862548828
4784,0.0024434609804302454,0.0009162978967651725,0.001832595793530345,-0.11485548317432404,0.06939185410737991,9.854242324829102
4798,0.0010690141934901476,0.0006108652451075613,0.0024434609804302454,-0.11485548317432404,0.06939185410737991,9.854242324829102
4802,0.0010690141934901476,0.0006108652451075613,0.0024434609804302454,-0.11964113265275955,0.06939185410737991,9.859027862548828
4815,0.00015271631127689034,-0.0010690141934901476,0.001832595793530345,-0.11964113265275955,0.06939185410737991,9.859027862548828
4820,0.00015271631127689034,-0.0010690141934901476,0.001832595793530345,-0.11485548317432404,0.064606212079525,9.854242324829102
4833,-0.00015271631127689034,0.0007635815418325365,0.0024434609804302454,-0.11485548317432404,0.064606212079525,9.854242324829102
4838,-0.00015271631127689034,0.0007635815418325365,0.0024434609804302454,-0.11964113265275955,0.059820566326379776,9.849455833435059
4851,0.0007635815418325365,0.0,0.0010690141934901476,-0.11964113265275955,0.059820566326379776,9.849455833435059
4856,0.0007635815418325365,0.0,0.0010690141934901476,-0.11006984114646912,0.064606212079525,9.854242324829102
4869,0.0,-0.0003054326225537807,0.001832595793530345,-0.11006984114646912,0.064606212079525,9.854242324829102
4874,0.0,-0.0003054326225537807,0.001832595793530345,-0.1052841991186142,0.064606212079525,9.854242324829102
4887,0.0009162978967651725,0.0003054326225537807,0.0013744467869400978,-0.1052841991186142,0.064606212079525,9.854242324829102
4892,0.0009162978967651725,0.0003054326225537807,0.0013744467869400978,-0.11006984114646912,0.06939185410737991,9.854242324829102
4905,0.0009162978967651725,-0.00015271631127689034,0.0013744467869400978,-0.11006984114646912,0.06939185410737991,9.854242324829102
4909,0.0009162978967651725,-0.00015271631127689034,0.0013744467869400978,-0.11964113265275955,0.064606212079525,9.859027862548828
4923,0.005497787147760391,0.004581489134579897,0.001679879380390048,-0.11964113265275955,0.064606212079525,9.859027862548828
4927,0.005497787147760391,0.004581489134579897,0.001679879380390048,-0.12921242415905,0.05503492057323456,9.868598937988281
4941,0.0029016099870204926,0.0025961773935705423,0.0007635815418325365,-0.12921242415905,0.05503492057323456,9.868598937988281
4945,0.0029016099870204926,0.0025961773935705423,0.0007635815418325365,-0.11006984114646912,0.06939185410737991,9.864411354064941
4959,0.0039706239476799965,0.0012217304902151227,0.0007635815418325365,-0.11006984114646912,0.06939185410737991,9.864411354064941
4963,0.0039706239476799965,0.0012217304902151227,0.0007635815418325365,-0.12442677468061447,0.064606212079525,9.850054740905762
