time_ms,w,x,y,z
0,1.0,0.0,0.0,0.0
18,0.9999984944244631,0.0009630271889000367,0.00013159760222063036,0.0014375011345233342
35,0.9999950270159017,0.0015445985978440897,0.0008202461719451373,0.0026243770413019833
53,0.9999932722784456,0.0013812579986394445,0.0007744272424158192,0.0033087439662273137
71,0.9999932522899413,0.0011714155056025434,-0.0002934160013547,0.0034694477008933443
89,0.9999930484795285,0.0010914005910001674,-0.0011254874018859866,0.003383063031877671
98,0.9999926817483016,0.001051392841134008,-0.0015415228408171674,0.003339869797627672
107,0.9999923760032295,0.0009844336896980325,-0.0015667646657814842,0.0034386151584916346
116,0.9999920553868535,0.0009174745236221329,-0.0015920064674457902,0.0035373604682185167
125,0.9999908024000173,0.0010847691436846765,-0.0015018638409933407,0.0038681773844672727
134,0.9999894038599346,0.0012520636058540975,-0.001411720995937723,0.004198993737685074
143,0.9999874718015411,0.0017321069462911576,-0.0014754891053520033,0.004458584684492278
152,0.9999852378477568,0.002212149763806563,-0.0015392567693173433,0.0047181742852564525
161,0.9999849059695457,0.002502720897229832,-0.0015365205231622264,0.004643632831245351
170,0.999984484097084,0.00279329180541921,-0.001533784138727009,0.004569090959327685
179,0.9999855213588995,0.0027157782165586554,-0.0016848362215684607,0.004329312665446585
188,0.9999864723021703,0.002638264393272683,-0.0018358881589751956,0.004089533997860106
197,0.9999871210432445,0.0025252236318667066,-0.0020572943277262735,0.0038921116764420974
206,0.9999876690107172,0.002412182615981573,-0.002278700289153723,0.003694688962796927
214,0.999988390081534,0.0023695874467455527,-0.002274331329763846,0.00352592888141586
223,0.9999891650520134,0.0023216677955582637,-0.0022694161680473245,0.0033360736623562945
232,0.999990498650314,0.0022706711643579566,-0.0021103837772095623,0.003064790673530338
241,0.9999917307613828,0.002219674302711329,-0.0019513511721927577,0.002793507373664305
250,0.9999927759648435,0.002041911052248311,-0.00210101493268839,0.0024216427552100463
259,0.9999936288862917,0.00186414740915969,-0.0022506782891937244,0.002049777671114081
268,0.9999925176848338,0.0019062391784022711,-0.0028440643778132367,0.0018005900024739233
277,0.9999909905119921,0.0019483301546979704,-0.0034374492833745022,0.0015514015848342466
286,0.9999900726022486,0.0018841102458825858,-0.0037441480364498745,0.0015120122394713313
295,0.9999890549528102,0.001819890149144755,-0.004050846416081357,0.00147262274329928
304,0.9999895732756213,0.0015485715397573776,-0.004065699747249471,0.0013875704639459354
313,0.9999900105307095,0.0012772528048295225,-0.004080552748817128,0.0013025180721042398
322,0.9999896975660671,0.0011870145176433758,-0.004261222668192457,0.0010186950636082305
331,0.9999892632625085,0.00109677608642469,-0.0044418920705103174,0.0007348719315035921
340,0.9999879856562738,0.0012493511105291508,-0.004705664180602623,0.0005695520434190481
349,0.9999865878643213,0.0014019259844776477,-0.0049694357251345075,0.0004042320868816603
358,0.9999860451702367,0.001598530875801703,-0.005011567104637264,0.00048822022097679593
367,0.9999854549939772,0.0017951356912229762,-0.005053698246176593,0.0005722083318898501
376,0.9999845487814295,0.0020038411867537146,-0.005152724223970559,0.000579872374637453
385,0.9999835891460203,0.0022125465752318683,-0.005251749926487,0.0005875363864061358
394,0.9999810296844941,0.0024510132541500505,-0.005641540071684173,0.00032531644095910145
402,0.9999785215914547,0.002662983066332321,-0.005988018889517735,9.223196693771362e-05
411,0.999976130288338,0.002822584271332384,-0.0062919111009652594,-0.00042863304767145775
420,0.9999733498654072,0.002982184377982763,-0.006595800864047065,-0.0009494978954870361
429,0.9999688695326127,0.0031650916028501323,-0.007051230571986517,-0.0015881776459529028
438,0.9999637404168467,0.003347996774196039,-0.007506655705065225,-0.0022268563660040796
447,0.9999587258197191,0.003697025314805072,-0.007951022762791691,-0.0023790539823900793
456,0.9999533687644621,0.004046052589285472,-0.008395387097513383,-0.0025312507840160735
465,0.9999525263160935,0.0046856536591389315,-0.00830305812815748,-0.0020122101205754563
474,0.9999509968822532,0.005325251509863578,-0.008210723454450465,-0.0014931680747100916
483,0.9999505056991124,0.005783206504514794,-0.008050736737009172,-0.000852239759066703
492,0.9999493684400763,0.006241157762590751,-0.007890744817923484,-0.0002113108927844959
501,0.9999437138488062,0.006393838528667134,-0.008466549521430812,7.41776745195923e-05
510,0.99993762288393,0.006546516504484087,-0.009042350530151427,0.00035966620945267907
519,0.9999319586143709,0.006439364459767085,-0.009723035252101693,0.0002744311735101804
528,0.9999258122672685,0.006332209310565849,-0.010403715286476063,0.0001891960052615735
537,0.9999302282501763,0.0058974810254766715,-0.010235151749244293,4.2159914154444905e-06
546,0.999934392611187,0.0054627512563485865,-0.010066585636444522,-0.00018076402349159436
555,0.9999446023854441,0.0048256208833407825,-0.009352669294535048,-0.0001819900371342347
564,0.9999538964930318,0.00418848609142798,-0.008638744388223584,-0.00018321588412543175
573,0.9999566480789508,0.0037205147122299042,-0.00853562738498266,-5.289735719557633e-05
582,0.9999591530547435,0.003252542415475449,-0.008432508276678333,7.742118277986853e-05
590,0.9999568716360202,0.0031477002416930282,-0.008735963498395121,0.00017260604642855724
599,0.9999541710006385,0.0030297523748395406,-0.009077349450118444,0.0002796889943647076
608,0.9999555723179926,0.0031394887097735222,-0.008881161907980878,0.00034923344840735737
617,0.999956918267797,0.0032492248708739834,-0.008684973874093293,0.0004187778831129478
626,0.9999626422405636,0.0033460808015963275,-0.00795743838545202,0.00044389287156915093
635,0.9999678268809945,0.0034429349276016773,-0.007229898604946581,0.00046900762061063083
644,0.9999761291715872,0.00313019385335171,-0.006141692815116088,0.00047178683167167995
653,0.9999831494173116,0.002817448765956979,-0.0050534791511718784,0.000474565437866404
662,0.9999887635004336,0.0020658210945901177,-0.004255025869121996,0.00031624505102048205
671,0.9999931500286864,0.0013141908872860168,-0.0034565673637356954,0.0001579242759620457
680,0.9999930660946365,0.0007461329500611934,-0.003644000911286202,-0.00017973766249330074
689,0.9999925103271119,0.00017807466078342672,-0.0038314327394631757,-0.0005173995161418134
698,0.999993879602969,-0.0005623211682053412,-0.0033948189846133383,-0.0006322622623227588
707,0.9999944968705489,-0.001302716574321348,-0.0029582026768159,-0.0007471245330343393
716,0.9999953306688444,-0.002457963781439917,-0.0017421928653538518,-0.0005116821062622948
725,0.999993295770732,-0.003613203937373691,-0.0005261780560460526,-0.00027623821162277626
734,0.9999893330548112,-0.0045700532230810295,-0.000602426801734637,-0.0002923560857508853
743,0.9999844486988057,-0.005526898296799201,-0.0006786749921966102,-0.00030847369042903255
752,0.9999860477526548,-0.005194195152926375,0.0009609200236833057,-3.5629297788441875e-05
761,0.9999847734367768,-0.004861477084002202,0.0026005122784461916,0.00023721519722972283
770,0.9999750301347858,-0.005124535972891926,0.004832623106880397,0.0005692028667375592
778,0.9999620361402405,-0.005358343931965099,0.0068167010376564835,0.0008643006041168298
787,0.9999644750235399,-0.004857636283431128,0.006807010932148178,0.0010567226711405509
796,0.9999666260828172,-0.004356927236703073,0.006797318867349002,0.0012491444340032968
805,0.9999715299895819,-0.003189499137809789,0.0066165424862722885,0.0017284880884414276
814,0.9999748085797675,-0.0020220658548230864,0.006435755350913201,0.0022078289334592272
823,0.9999667100798595,-0.0016403063564058725,0.007463740734001299,0.0028601925416062556
832,0.9999569834960266,-0.0012585441873433421,0.008491713965088549,0.0035125514929647598
841,0.9999512103137392,-0.0011281694476158138,0.00900923844675856,0.0038907387981069646
850,0.9999450092641989,-0.0009977942251579706,0.009526759073482383,0.004268924438448222
859,0.9999457465081413,-0.0010089891292501907,0.009232156079153155,0.004717337738959308
868,0.9999461957764264,-0.0010201837427623386,0.008937550426043465,0.005165749680918253
877,0.9999313618717451,-0.0014342889892070727,0.010141092830838408,0.0056896921365648945
886,0.9999146333638981,-0.0018483915180568169,0.011344616020967912,0.006213623811762852
895,0.9998791863259655,-0.002945015606107057,0.013665436899159732,0.006796724914264194
904,0.9998368100679512,-0.004041619285030317,0.01598616307509044,0.007379778915072242
913,0.9997904150325316,-0.004676321399849289,0.018198865553507255,0.008127688466516387
922,0.9997381608051392,-0.005310996109459733,0.020411461378924238,0.008875550386290629
931,0.9996999122955178,-0.005347496875263055,0.021849175409884833,0.009700678708801504
940,0.9996589139576958,-0.005383982931954644,0.0232868293413316,0.0105257803481052
949,0.9996452327840085,-0.0055986846032174825,0.023373757858071553,0.011477401557467747
958,0.9996305925272182,-0.005813380902970885,0.023460663949479522,0.01242901175514181
967,0.9996738413704549,-0.006294231139178748,0.021137889302141957,0.012875681335597636
975,0.9997073938455736,-0.006721622863689184,0.01907309688776352,0.013272658048762319
984,0.9997360621565503,-0.0070585542374540095,0.017050735731348705,0.013684123896356223
993,0.9997603580284705,-0.007395454739972514,0.015028300001948398,0.014095529895155985
1002,0.9997633385120259,-0.006615715176924915,0.014203110441660354,0.015092081823524615
1011,0.9997640374794307,-0.005835960516443311,0.013377888469075703,0.016088599310913963
1020,0.9997231755016098,-0.004241495113195347,0.014907304527299508,0.01770181787028828
1029,0.999674830018757,-0.002646997959908171,0.016436608995744083,0.019314903921337938
1038,0.9995954655563289,-0.0010636095206485528,0.01892353402203531,0.021205514238765186
1047,0.9995038334374726,0.0005197919718877387,0.021410226806963112,0.0230958643089504
1056,0.9994660804432655,0.0012405327124295235,0.021522086940383607,0.02455228901133809
1065,0.9994256742882824,0.001961270159880329,0.02163388994174329,0.026008648537756893
1074,0.9994364227215229,0.0023002299411679548,0.020088583555301156,0.0267954229405903
1083,0.9994440509191975,0.002639182541149088,0.018543214452400578,0.027582113688245886
1092,0.9994660277981645,0.002275711302821082,0.01725496806877026,0.027654050198309518
1101,0.9994862082889346,0.0019122359742480754,0.015966690671958782,0.02772593700442325
1110,0.9994615323702442,0.001077025363450995,0.016631561879515824,0.028264403017541153
1119,0.9994354270366266,0.0002418132123083569,0.017296409300861956,0.028802828607332832
1128,0.9993723874134697,-0.0008150700916253167,0.019095545981410833,0.029824940233290624
1137,0.9993039485997576,-0.0018719489920765687,0.020894579496720397,0.030846890727584536
1146,0.999240196554529,-0.0027930463254255606,0.022607356782692614,0.03162492531517346
1155,0.9991720564174515,-0.003714131393311397,0.02432003479007459,0.03240282102416495
1163,0.9991487637982623,-0.004721562225949677,0.024317546095719716,0.03298653668443238
1172,0.9991209399128586,-0.005854914190636909,0.02431470689428676,0.03364316328931138
1181,0.9991149823658507,-0.007064565208210422,0.02318020303650729,0.03438054853679707
1190,0.9991057336071202,-0.00827419295420835,0.0220456228201932,0.03511782053038668
1199,0.9991053469709816,-0.00939678150587518,0.02042563368306969,0.03581898435146226
1208,0.9991005880493101,-0.01051932893534007,0.01880555515927347,0.03651999142147293
1217,0.9991317534878826,-0.011619664791076121,0.017536876604624475,0.03596081925271421
1226,0.9991597877184087,-0.012719964231606908,0.016268143090648102,0.03540153438529868
1235,0.9992173690764037,-0.01351023948558646,0.015308122471854714,0.0338789632583229
1244,0.9992710857483756,-0.014300462485836923,0.01434804264563681,0.032356261097240005
1253,0.9993430240566004,-0.014422229320521897,0.012156402431722899,0.030947398125749776
1262,0.9994081586536561,-0.014543897966016229,0.009964679454784672,0.02953832445867935
1271,0.999471924001511,-0.013733004482348593,0.00832141468730152,0.02824945624623354
1280,0.9995306688873256,-0.012922042016225273,0.006678108120398538,0.026960446133530866
1289,0.9995950811740145,-0.011240639116415933,0.0058985956546353515,0.025466218688156426
1298,0.9996538241372523,-0.009559172463973002,0.005119049734279097,0.02397184680806683
1307,0.9997212519174458,-0.00740321495809117,0.0048629213211084,0.021885220335287024
1316,0.9997796099154548,-0.005247190287940293,0.004606748790002752,0.01979839531298042
1325,0.9998372183956657,-0.0031016870169282076,0.004354036521130488,0.017232487180890516
1334,0.9998835744568056,-0.0009561488387517367,0.004101275250838108,0.014666385110063558
1343,0.9999138304751539,0.0013813700092849654,0.0028422301455628247,0.012741474373176517
1351,0.9999316962865515,0.00345915284988931,0.0017230528567211253,0.01103032691781872
1360,0.9999361596149469,0.006191019773513626,0.001381520384378468,0.009350902101030935
1369,0.9999302233783423,0.008922822309114837,0.0010399735439075078,0.0076713800327203666
1378,0.999922440944149,0.011382936556620097,0.0012910743655951012,0.0048861005541687725
1387,0.9999007865298634,0.013842892888008228,0.0015421572761356258,0.0021007532904702094
1396,0.999871107464979,0.01589841715657822,0.0020403088458106422,-0.0009197437064715707
1405,0.9998278325347656,0.01795372524454554,0.0025384326721454523,-0.003940228197089809
1414,0.9997790944708885,0.01971441812931579,0.0029376111561914215,-0.006668914266049756
1423,0.9997196512863958,0.021474899922230745,0.0033367581858071843,-0.00939752892770384
1432,0.9996416419172129,0.023688562139261272,0.003319550277023314,-0.012017502019623661
1441,0.9995518658252545,0.025901945519624787,0.003302303294009029,-0.014637333654236395
1450,0.9994306891597659,0.028751207825448356,0.0025379541101702404,-0.017470672658724085
1459,0.9992927770083371,0.03159998869174886,0.0017735624282415009,-0.020303719116465096
1468,0.9991408476344814,0.03417259165291751,0.0011035462485005185,-0.023421843515200044
1477,0.9989721197155681,0.036744620070645176,0.00043351151484752017,-0.02653957412271471
1486,0.9988114675570183,0.03907749856258719,0.0006850650613521242,-0.029122707095120173
1495,0.9986386259169882,0.041409900153271555,0.0009366102473320954,-0.03170548465440682
1504,0.9984310003399063,0.04366176361380388,0.001493174983182668,-0.035027965782444014
1513,0.9982069379501286,0.045912908286327575,0.002049715137427188,-0.03834987025760035
1522,0.9979199998789761,0.048982812876972565,0.00271234298415845,-0.04182106024170563
1531,0.9976111126739617,0.052051640096368465,0.003374911173222518,-0.04529133037647469
1539,0.9973064696509365,0.055770625436294644,0.003148636004960442,-0.04753450349103009
1548,0.9969410888179112,0.05995321337515306,0.0028940051212707494,-0.05005699118913741
1557,0.996591656242374,0.06436593026899066,0.0019550296729545107,-0.05155846766213301
1566,0.9962195708594433,0.06877718410721072,0.0010160097862663955,-0.053058772196722205
1575,0.99574378969602,0.07292217001048769,-0.0011269625953010812,-0.056350619855320506
1584,0.9952353124214646,0.07706476145105313,-0.0032698979720741125,-0.059640617192432285
1593,0.9946365082079175,0.08045429388718559,-0.0061493015413257085,-0.06471096681111706
1602,0.9939921029870866,0.08384013774280519,-0.009028423184122706,-0.06977834963213804
1611,0.9934181224619071,0.08686624401223907,-0.010332768089279111,-0.0739454090466654
1620,0.9928157773930126,0.08988987003562154,-0.011636817968357837,-0.07811035713692759
1629,0.9923858520839138,0.09183686121110361,-0.01265016783378309,-0.08109429548589717
1638,0.9919421262835931,0.09378257526862362,-0.013663341781212557,-0.08407710610706746
1647,0.9915739751032496,0.0940845964956299,-0.01503531049013285,-0.08776719226829487
1656,0.991190230642643,0.09438513816839374,-0.016407042756976003,-0.09145589822142754
1665,0.9906757430274238,0.09362678814338697,-0.018151611494886432,-0.09729396548169778
1674,0.9901236430784474,0.09286488345175083,-0.019895491082512744,-0.1031283388460308
1683,0.9895016280294284,0.09208737475798186,-0.022291746898756206,-0.10913075440725042
1692,0.9888372994595926,0.09130592818180985,-0.02468704946513152,-0.11512850326927766
1701,0.9882398677094744,0.09088113416993038,-0.027939222605953697,-0.11975801919588798
1710,0.9876102722870891,0.09045338230226081,-0.031190486425032582,-0.12438363742740764
1719,0.986980487517833,0.09000052374076832,-0.03486851470846329,-0.12866083190883737
1728,0.9863187008987588,0.08954474700279644,-0.03854541241536773,-0.13293385469217148
1736,0.9856762440090714,0.08856852351865958,-0.04218768843327393,-0.13717928991852768
1745,0.9849150064871972,0.08746681653181096,-0.04628359628906967,-0.1419500430315719
1754,0.984212452412338,0.08572077127481155,-0.0502483455580475,-0.14646809091819943
1763,0.9834708504468451,0.08397132511052473,-0.054211101261614665,-0.15098032779320897
1772,0.9827750056021842,0.08218427719680038,-0.05759972148927913,-0.15518152283575454
1781,0.9820469153915428,0.08039453277361969,-0.06098645183971919,-0.1593776262907355
1790,0.9812760832003227,0.07896633354388753,-0.06447000927018073,-0.16341721026370398
1799,0.9804747457396367,0.07753567946039429,-0.06795156249913475,-0.167451714029257
1808,0.9796697357919177,0.07660207127103871,-0.07217177003873688,-0.1707939315662495
1817,0.9788348456870258,0.07566612670050718,-0.07638977632239183,-0.1741309398481911
1826,0.9779097173652763,0.07472889317887656,-0.08160758538775349,-0.17733690877537606
1835,0.9769462177855702,0.07378872744214872,-0.08682219233163652,-0.18053591935032148
1844,0.9759842424162102,0.07222538115866872,-0.09253390202390875,-0.18350948162961778
1853,0.9749785086484556,0.07065879663950256,-0.09824146294494698,-0.18647481623406303
1862,0.9740640773344633,0.06821432563381724,-0.10399290077325174,-0.18902765832980364
1871,0.973104441983045,0.0657666889606972,-0.10973951253406464,-0.19157172809368178
1880,0.9722289348720718,0.06248757881536224,-0.11478725667844442,-0.1941393478807103
1889,0.9713110468742414,0.059205744744712185,-0.11982999707775607,-0.19669850484849744
1898,0.9704543254292538,0.05548765194543958,-0.12430107259753759,-0.19922039576392714
1907,0.969557904021715,0.05176728922202263,-0.12876706313001174,-0.20173413684474434
1916,0.9687791923622242,0.0480127504355101,-0.13289938371140902,-0.20371403007829794
1924,0.9680579694672484,0.04467393953664021,-0.13656857921194454,-0.20546783215203232
1933,0.9672403632467101,0.04068974680437176,-0.14093192039777944,-0.20719222481638255
1942,0.9663854655111358,0.03670398529730604,-0.14528982801712115,-0.20890862927815082
1951,0.9655220210372325,0.03289165936808045,-0.14975009263906056,-0.21038126197640555
1960,0.9646225220661738,0.029078105199401707,-0.1542047652970971,-0.2118460386232744
1969,0.9636804125156501,0.025674842060903827,-0.15903422309486684,-0.21299995517235779
1969,0.9636804125156501,0.025674842060903827,-0.15903422309486684,-0.21299995517235779
1978,0.9627025263718111,0.022270625745013404,-0.1638577767540353,-0.21414596410738845
1987,0.9617497266150515,0.01898909786511323,-0.16867027293495265,-0.21500515469679155
1996,0.960762713015161,0.015706894456021234,-0.1734767687416569,-0.21585669656799739
2005,0.9599464527403426,0.01232830541659018,-0.17794668268036873,-0.21606896787794574
2014,0.9590993721036467,0.008949320560462071,-0.18241088340336997,-0.21627430200534453
2023,0.9583661618113114,0.005234605737935757,-0.18686927943839352,-0.2158396886580398
2032,0.9575999809557155,0.0015197108298570672,-0.191321246630617,-0.2153976498022054
2041,0.9568875006901602,-0.0026472254794912466,-0.19511213964179963,-0.21515240222827747
2050,0.9561441110421367,-0.006814076278155425,-0.19889673014015397,-0.2149002048009085
2059,0.9554970832710479,-0.011422090706094916,-0.20124052775821133,-0.21539988322192438
2068,0.9548238791722535,-0.016029792220060478,-0.20357881228984023,-0.21589366065378016
2077,0.9542020266648064,-0.0211434491757847,-0.20504987889767276,-0.21680865764488488
2086,0.9535519894679928,-0.026256481608053196,-0.2065148888560958,-0.21771725066230596
2095,0.9527707575553325,-0.03187573097984197,-0.20887742848339766,-0.21813308137946852
2104,0.9519533767622207,-0.037493770961040875,-0.21123204313490504,-0.21854063595400308
2112,0.9512956503827541,-0.04244108441889005,-0.21343791585935515,-0.21835657990959773
2121,0.9505218143681414,-0.04800529253166512,-0.2159119145728984,-0.21814173705348416
2130,0.949822143635355,-0.05369114329459783,-0.21797087980705757,-0.21781609708144944
2139,0.9490871738859935,-0.059374998689692676,-0.2200217444112717,-0.21748236223178657
2148,0.9483286054575301,-0.06503487665170246,-0.22167225604949306,-0.21749650982901397
2157,0.9475365287544205,-0.07069245666920666,-0.22331493511280912,-0.21750297239729263
2166,0.9468144588536324,-0.07616746275835219,-0.22495291720066768,-0.21711076243606212
2175,0.9460608279432619,-0.08163992988962747,-0.22658340073259595,-0.21671131532843027
2184,0.9452683019231256,-0.08741489034837169,-0.2285814420175306,-0.21581704911785626
2193,0.9444391277121355,-0.09318646171898246,-0.2305706211663969,-0.21491441564860075
2202,0.9436142906192444,-0.09943284168695153,-0.2317821657634123,-0.21443462445981107
2211,0.9427503919911121,-0.10567510556692966,-0.23298411558497092,-0.213945956608466
2220,0.9419601217009917,-0.11230068429037142,-0.23297559918253552,-0.21406086895671886
2229,0.9411279001826464,-0.11892126157954015,-0.2329567069559999,-0.21416624786914915
2238,0.9405613620031074,-0.1252403240125718,-0.23189734562954514,-0.21420272322745332
2247,0.9399559080102953,-0.1315542046156235,-0.23082838952898457,-0.21423033592828875
2256,0.9399563912069162,-0.13774073538403506,-0.22800901154368877,-0.21335736007929537
2265,0.9399127113587543,-0.14392079452214324,-0.22517892075056287,-0.21247435981774834
2274,0.9400289335026742,-0.15035156805180339,-0.2224764034178,-0.21034319595477566
2283,0.9400951331207181,-0.156774340800918,-0.2197620472668368,-0.20820083892786137
2292,0.9403828118930644,-0.1626944657481564,-0.2165161292227961,-0.20574606605569157
2300,0.9405977177228088,-0.1679497482185633,-0.21362146753188124,-0.20355511316960337
2309,0.9409300135746024,-0.17319370870072276,-0.21061801598723595,-0.20073539837952914
2318,0.941220361773945,-0.17842994802467224,-0.2076051748692886,-0.19790673459366948
2327,0.9415430439993899,-0.1831937499860279,-0.2048427953995043,-0.19487476859597883
2336,0.9418284208855047,-0.18795029353785045,-0.20207229975272695,-0.1918350813693803
2345,0.9423288555073708,-0.19245204390353712,-0.19765413854228436,-0.18950298254282813
2354,0.9427864377013665,-0.19694504250779604,-0.19322698900503243,-0.1871622660634861
2363,0.9431037152470692,-0.2017364260321142,-0.188470901506234,-0.1853011494416366
2372,0.9433746466537242,-0.20651789579583454,-0.18370555214316078,-0.18343092672392625
2381,0.9434368722251715,-0.21121283348607856,-0.18052071065756578,-0.18090959101290074
2390,0.9434627314553368,-0.21589962962683276,-0.17732891070133486,-0.17838128184120006
2399,0.9439575349083436,-0.21907276730881636,-0.17447649509103333,-0.17466896568700818
2408,0.9444219134779607,-0.22223884401278693,-0.17161845589405436,-0.17095101974258076
2417,0.9455752967478103,-0.22371065888571087,-0.16837432138569405,-0.16580406261343159
2426,0.9466903727687519,-0.22517341076817507,-0.16512336567857647,-0.16065038841212712
2435,0.9482672448716182,-0.22521908454322398,-0.16160727209158954,-0.15475362958010924
2444,0.9497970608334656,-0.2252535822062014,-0.15808315901998332,-0.14884919136376581
2453,0.9514543248129862,-0.2239374069451242,-0.1552881381121224,-0.14308144438406056
2462,0.953068242542642,-0.2226110295686723,-0.15248604260460902,-0.1373071789158924
2471,0.954663809683089,-0.22046918871010532,-0.1509532830947957,-0.13123815616573425
2480,0.9562151608955605,-0.21831713666549576,-0.14941353207716015,-0.12516305502776903
2489,0.9579764036473093,-0.21552077182522889,-0.14745083453622476,-0.11870239408451846
2497,0.9594965057326873,-0.2130248841330101,-0.14569921541058997,-0.11295394130183858
2506,0.9614604586831815,-0.20974688390816862,-0.1424271222365984,-0.10636985442756107
2515,0.9633583985370068,-0.20645448263209473,-0.1391452501317069,-0.09977846428519846
2524,0.965316769910833,-0.20298309203773776,-0.13497556240395367,-0.09350398723825393
2533,0.9672050195845964,-0.19949695652239596,-0.13079606989895248,-0.08722271795610517
2542,0.9690277953311035,-0.19616682342559374,-0.12627484059825553,-0.0809837878512612
2551,0.9707790780857123,-0.1928222175209057,-0.12174429498465261,-0.07473888291956847
2560,0.9724330635748614,-0.1898701638239659,-0.11708681939935035,-0.06792594849403265
2569,0.9740096838032178,-0.18690300435235516,-0.11242002856896079,-0.061107609985772096
2578,0.9755463747971852,-0.18399226377773775,-0.10735653143860933,-0.05413587209498229
2587,0.9770000682934453,-0.1810658695162372,-0.10228390063332234,-0.04715952843450673
2596,0.9784033769044147,-0.17793534702200992,-0.09709221371465625,-0.04048390270443971
2605,0.9797251971960607,-0.17479000481975698,-0.09189244027308789,-0.033804905190025956
2614,0.9810209749943649,-0.17116581655936772,-0.0867164325230112,-0.02793510682193363
2623,0.9822421369555895,-0.1675286095348464,-0.08153382917572893,-0.02206318372722224
2632,0.983446692981375,-0.16310944078601786,-0.07717912915241315,-0.016471017386462804
2641,0.9845812121189149,-0.15867865607695716,-0.07281893275996837,-0.010877678049940389
2650,0.9857892851909185,-0.15310142429846296,-0.0689673712089987,-0.00478965438004599
2659,0.9869140950363788,-0.14751126103575912,-0.06510998443154367,0.0012987738408855327
2668,0.9880763432594369,-0.14082696669881475,-0.06172521647271116,0.00793114070403519
2677,0.9891383258861357,-0.13412838186711673,-0.05833418491321432,0.014562702750271736
2685,0.9900361692033626,-0.12794686383961182,-0.05522071728083604,0.02021524389486118
2694,0.9909507837330315,-0.12098034473284675,-0.05171275452683235,0.026572380895582486
2703,0.9916886762328886,-0.11491506994744938,-0.048209965300519665,0.03199836521069204
2712,0.9923481828020115,-0.10884071194377082,-0.04470336541962223,0.03742182028280516
2721,0.9928378320553285,-0.1037734333756137,-0.04217911420145622,0.04153355378839096
2730,0.9932786383882843,-0.09870104964589015,-0.03965278797058489,0.0456432440397871
2739,0.9936776321761835,-0.09379282249741074,-0.037578720275697336,0.04894394286470301
2748,0.994037429098524,-0.08888089557293281,-0.03550317024086489,0.052242711034156564
2757,0.994364224110744,-0.08395183306424911,-0.033982670378439855,0.0551095059653142
2766,0.9946562831116726,-0.07901983787581834,-0.03246098340329158,0.05797437576242633
2775,0.9949031074317212,-0.074764579322716,-0.031039090428343324,0.0601218709521212
2784,0.9951252565003601,-0.07050746648372641,-0.029616427632340018,0.062267875019444585
2793,0.9953645207490227,-0.06701927054774284,-0.02753102831470954,0.0632450052514162
2802,0.9955863378182956,-0.06352989986902792,-0.025445146421319342,0.0642210268976093
2811,0.9958281251463493,-0.0604827715308847,-0.023616249394530744,0.06411280901649126
2820,0.9960572654296634,-0.05743487505986975,-0.021787052440721474,0.06400377690092499
2829,0.9962709101876757,-0.055215829805503526,-0.020442741590362076,0.06306805823060956
2838,0.9964769309357072,-0.05299636200940369,-0.019098274300961518,0.06213185692901332
2847,0.9966276254998425,-0.052005001759462405,-0.018461718493385758,0.06072907732557194
2856,0.996774952959629,-0.051013465810731434,-0.017825100312932676,0.0593260925490698
2865,0.9969205173923452,-0.05005867071763692,-0.017252585576823323,0.05784427179139084
2873,0.997047015290663,-0.049209818612376534,-0.016743633466509082,0.05652692978091754
2882,0.9972597307239552,-0.047666456203096876,-0.015561679073233862,0.05439460059458363
2891,0.9974640980368756,-0.046122694775084364,-0.014379594412219865,0.052261816067820974
2900,0.9977128637666133,-0.04393433726134383,-0.013912322055286103,0.0494495983710659
2909,0.9979486814733044,-0.04174540958074261,-0.013444869148343272,0.046636738932019424
2918,0.9981654320441986,-0.039299870080344836,-0.014406275769304857,0.04374642502131062
2927,0.9983669048332845,-0.036853729061580555,-0.015367461889805487,0.04085544153388144
2936,0.9985576453240569,-0.03418140729275107,-0.01587682807338634,0.038238549798471536
2945,0.9987341211574087,-0.031508597233568525,-0.01638596745232106,0.03562111181536558
2954,0.9988890291433838,-0.02949140013991779,-0.016042171099978332,0.03306982795804139
2963,0.9990332287134772,-0.027473886888847745,-0.015698202770334048,0.03051818958138565
2972,0.9991693023640665,-0.02687773838389578,-0.014954048403763028,0.026733290650599786
2972,0.9991693023640665,-0.02687773838389578,-0.014954048403763028,0.026733290650599786
2981,0.9992901355506828,-0.02628117990917939,-0.014209665941077157,0.022947983953330222
2990,0.9994042801205747,-0.02636165941255415,-0.012866256184719128,0.01818260821449012
2999,0.99949390624366,-0.026441492183713628,-0.011522530779705054,0.01341678640060193
3008,0.9995803579369185,-0.02515486109005363,-0.010044746632374733,0.01026859558719954
3017,0.9996530575586974,-0.02386788391971753,-0.008566824290978688,0.007120263500052233
3026,0.9997242597682093,-0.021225376648879336,-0.008236426396853175,0.005748834423460604
3035,0.9997864865583765,-0.018582678818840133,-0.007905954556957025,0.004377353734437658
3044,0.9998242286465002,-0.016858252463173337,-0.007423139221358952,0.0034940147995162017
3053,0.9998579829666389,-0.015133758868888464,-0.006940294278799885,0.0026106619288248792
3061,0.9998593533537263,-0.015805011511138667,-0.0055977507834360845,0.0003745775856464962
3070,0.9998522265650617,-0.016560033466590653,-0.004087341305348251,-0.0021410197401440017
3079,0.9998146383641918,-0.018134537696175998,-0.0012962763821609046,-0.006336175721014846
3088,0.9997491854757724,-0.01970853651885154,0.001494824668059374,-0.010531155113596272
3097,0.9996749713406645,-0.020526344626820518,0.003426945090258761,-0.014726740937858997
3106,0.9995787540119767,-0.021343700942809844,0.005358990084205595,-0.01892200262143505
3115,0.9995078188958415,-0.0211136629915364,0.003958872308529067,-0.02286177008025451
3124,0.9994193523659207,-0.020883254705628816,0.0025586850940475074,-0.026801136542559917
3133,0.9993005691965311,-0.0199047784825618,-0.0001645656245905199,-0.03165667568151376
3142,0.9991498445036967,-0.018925666025544605,-0.0028878110830726765,-0.03651120295028597
3151,0.998946072450589,-0.017264367886148317,-0.005628758653036849,-0.04215451355502236
3160,0.9987001836495928,-0.015602341860583032,-0.008369468907878963,-0.047796046875610274
3169,0.9984222473722637,-0.013639989370067605,-0.012658481336855829,-0.05297857578632409
3178,0.9980952063830552,-0.011676966033374798,-0.01694687119248708,-0.058158499088332136
3187,0.9977280663559337,-0.00947638319877303,-0.020954928957109265,-0.06332293991534493
3196,0.9973133213976263,-0.0072753482143467964,-0.02496198689223417,-0.06848435939385726
3205,0.9967867557197249,-0.005387161280707954,-0.0286582099967074,-0.07460461858937473
3214,0.996205404489499,-0.0034986782570533385,-0.03235285798408132,-0.08072077735397064
3223,0.9955287599893369,-0.0025636248666649933,-0.035580290947423085,-0.08746404265601558
3232,0.9947951512109893,-0.001628424785346223,-0.038805688002137274,-0.09420230325477387
3241,0.9940544382357476,-0.0014214965043441016,-0.039860317083711044,-0.10131588371764083
3250,0.9932617295089597,-0.0012144938694874819,-0.04091286120186236,-0.1084241646764617
3258,0.992499063887759,-0.0014468836818782155,-0.040089346428868924,-0.11548315466958543
3267,0.9915803935728599,-0.0017082331780118322,-0.03916044366574268,-0.12341744071728357
3276,0.9906074452901106,-0.0017817702339496836,-0.035246937139018296,-0.13210362619153357
3285,0.9895436410804537,-0.0018551438705765744,-0.03133019785530258,-0.1407776954663117
3294,0.9884883380257161,-0.0009607933927735625,-0.02528273016640593,-0.1491665713842984
3303,0.9873254294828222,-6.633832431624592e-05,-0.019232510234091903,-0.15753920923339448
3312,0.9860744793813365,0.0012917525876106975,-0.011025207057214862,-0.1659334122394407
3321,0.9846842642489644,0.0026496610630505667,-0.0028163467709779746,-0.17430418017819346
3330,0.9831193323891987,0.0038257653470732934,0.007579776924434346,-0.18276840203903189
3339,0.9813739443822374,0.005001167393990246,0.017974509316374825,-0.19119907590567012
3348,0.9793072343320137,0.006412649213192251,0.029863513717881218,-0.20006096386719957
3357,0.9770190587931661,0.007822680843483578,0.041745764633427634,-0.208877609031
3366,0.9746305571999074,0.009453417504983472,0.05216441833835236,-0.21745064573161396
3375,0.9720564766455012,0.011082354145555527,0.06257313944010495,-0.2259822777536678
3384,0.9699190667226122,0.012954870859097817,0.06829621251378058,-0.23329124005250096
3393,0.9676902425723769,0.014826166584672566,0.07401284871482233,-0.2405782148070247
3402,0.965998936780333,0.016236988145853164,0.07531664566220304,-0.24679914351839172
3411,0.9642639187894205,0.017647074970764565,0.07661703447312733,-0.25300890437767176
3420,0.9624654543299962,0.01941634579221789,0.07834663671509239,-0.2591236370014601
3429,0.9606219981980495,0.021184708971877384,0.08007257654381811,-0.26522625656106896
3438,0.958476628493619,0.023030894452688567,0.08369309683400468,-0.27163872344448253
3446,0.9565195486100404,0.024670748421071996,0.08690697113100665,-0.27732451328366736
3455,0.9543751245209238,0.025663202954493626,0.09095914602687762,-0.2832595196349964
3464,0.9521760835071035,0.026654188835613445,0.09500611551797428,-0.2891783156268368
3473,0.9495429987908465,0.028864791967774986,0.10345222066927635,-0.2946736419677524
3482,0.9468022784331619,0.03107212312552138,0.11188659897288114,-0.3001355655175302
3491,0.943086055407511,0.035385977503598495,0.1264780312233571,-0.3055156825923665
3500,0.9391111672578222,0.03969012638533442,0.1410347736855079,-0.3108120042898031
3509,0.9342492292607878,0.046070124557887594,0.16010225742274123,-0.3153144278604881
3518,0.928968576107187,0.05242947485746092,0.1790979859583819,-0.3196755326846392
3527,0.9239191760832995,0.05932529287678091,0.1967524681761931,-0.3227109108121656
3536,0.9185058045586392,0.06619774011168479,0.21432944113456193,-0.32561915923228396
3545,0.9149078541374862,0.07052521855255606,0.22484833971802431,-0.3277392806968712
3554,0.9111755820143976,0.07484234287159687,0.2353342273140613,-0.329811285296164
3563,0.9100137727786772,0.07497364661153903,0.23683884664530896,-0.3319054780906847
3572,0.9088446683591562,0.07510434932043245,0.23834156734274564,-0.3339970101436436
3581,0.9076545348429725,0.0759287883144962,0.24000928838720634,-0.3358475933692938
3590,0.9064568659160321,0.0767525969425052,0.24167501685794657,-0.33769538836498375
3599,0.9054943422197288,0.0785050298112688,0.24301816861200642,-0.3389087284607156
3608,0.9045252322078154,0.0802568916561406,0.2443595527190664,-0.34011960342801484
3617,0.9030076948250904,0.08420640034515853,0.2482194416883448,-0.34040195944723023
3626,0.9014604665436079,0.08815314032719676,0.2520711692007995,-0.3406731230478509
3634,0.8990230515393902,0.09353745157234507,0.2599208316397589,-0.33977854439892224
3643,0.8961763589691758,0.099583891371918,0.2687214188044011,-0.33873261029863455
3652,0.8918518573657538,0.10680566322630697,0.28296970148276246,-0.33633459955645406
3661,0.8872779767545419,0.11399757015402485,0.2971388603662833,-0.3338425431630479
3670,0.8805009507422198,0.1206855379405641,0.31618366105501017,-0.33193518818572754
3679,0.8733215362964414,0.1273183525049384,0.3350839659905534,-0.3298761390162879
3688,0.8657267144662167,0.13095291146557975,0.35294281442054365,-0.32984839030549096
3697,0.8577944058933519,0.13453642097748483,0.37066407495034936,-0.32969205660713485
3706,0.8530759900375999,0.1343986662319837,0.3802720396561912,-0.3310461139964534
3715,0.8482582514982714,0.1342452636000631,0.3898357297136912,-0.33236162805690833
3724,0.8456132530151191,0.13436180875532902,0.3950128003268214,-0.3329414637006742
3733,0.8429393786411615,0.13447376574111652,0.40017638209449147,-0.3335099301028675
3742,0.8391003508633462,0.13811730309692777,0.4078848509633143,-0.33236149012916016
3751,0.8351868504914552,0.14174858214080077,0.4155571188665385,-0.3311835521075551
3760,0.8269524954123628,0.1501624657756259,0.4314142305756624,-0.32784533832320856
3769,0.8183863755060712,0.15851610577519232,0.4470982633371414,-0.32437559636448643
3778,0.8075524384793638,0.1667408483307443,0.4659813930220199,-0.3208081825035563
3787,0.7962708592999403,0.17487316316428606,0.4846062200828722,-0.3170629383760305
3796,0.7862600874555825,0.1798019358544023,0.4999852005897587,-0.31540630610146037
3805,0.7759633010617878,0.1846653027449724,0.5151823035676275,-0.31363493979171736
3814,0.7674029086055023,0.18808704489273614,0.526639734590369,-0.31363454745598224
3822,0.7596542883885005,0.19109446855991394,0.5367285813208921,-0.31357725716643975
3831,0.7550074739165223,0.19284923485486555,0.5423438009048884,-0.31406382880892775
3840,0.7503180471757378,0.1945931168291731,0.5479284108583472,-0.31453267483576564
3849,0.7481745047961854,0.19558551262389637,0.5507707042236587,-0.314058671260014
3858,0.7460205755591302,0.19657519311779575,0.5536053512754632,-0.31358030762835964
3867,0.7439031765406597,0.19807513158404408,0.5575695921581666,-0.31062912947960236
3876,0.741762599096928,0.1995688984546085,0.5615164603698998,-0.3076682727943249
3885,0.7349489472781775,0.20333352315821612,0.5718878165878157,-0.30240675999915534
3894,0.7279913580621743,0.20705832564259885,0.5821471704086333,-0.2970860218086613
3903,0.7168124423513069,0.21132942636305424,0.5969178977643641,-0.29190549733088067
3912,0.705355243794219,0.2155184842075998,0.6114568880550896,-0.2866116485191108
3921,0.6952532302383373,0.2170217474649707,0.6235092379714521,-0.28418433653997754
3930,0.6849736062770121,0.2184695700298272,0.6354023053074003,-0.2816844264152503
3939,0.6795130423133299,0.21634107729641952,0.6422102175244816,-0.2811131446721511
3948,0.6739974226593073,0.21419505611746653,0.648966096410828,-0.28051908650346485
3957,0.6707887196129624,0.2120232236400768,0.6541654608200378,-0.27777004184645293
3966,0.6675467432537621,0.20984087411783153,0.6593323764843587,-0.2750072188875198
3975,0.6655126851299044,0.21028641641199036,0.6637486094552341,-0.26890569434288875
3975,0.6655126851299044,0.21028641641199036,0.6637486094552341,-0.26890569434288875
3984,0.6634379857330752,0.2107191170160619,0.6681243088810334,-0.26278774836862673
3993,0.6614021390732114,0.21357630073465425,0.6723764229841518,-0.2546415520077545
4002,0.6593023023120228,0.21641282112557161,0.6765634852331964,-0.24647071929064476
4010,0.6545205507722727,0.21891442318112528,0.6830912377755618,-0.23888424982465248
4019,0.6490399612229226,0.22169487826560016,0.6903293521680448,-0.2303126032630336
4028,0.6459375605038998,0.2214120841360841,0.6956188361374288,-0.22328410543429975
4037,0.6427789094201182,0.22111000871491346,0.7008477433333623,-0.21623616329214687
4046,0.6452118687143715,0.21877893005333618,0.7014194777781072,-0.20939947571164905
4055,0.647607134475749,0.21643507024002817,0.7019502350191964,-0.20255055493085744
4064,0.6485249548823333,0.21420380665456143,0.703735454197952,-0.19567453236015436
4073,0.6494062713591975,0.21196048604546738,0.7054810617790842,-0.18878749573467435
4082,0.6488751748151848,0.21136012286397396,0.7077483944037807,-0.18270226104337067
4091,0.6483162977330584,0.210750710641653,0.7099854259289614,-0.17660920425110932
4100,0.6489734780213636,0.2138767370082574,0.7105114669919615,-0.16811787966925582
4109,0.6495770639777441,0.21698510074114497,0.710978831716578,-0.15961267136834348
4118,0.6514725134796926,0.2207332910172646,0.710806718549608,-0.14701764275718024
4127,0.6532531044505564,0.22444256468363757,0.7105092858735435,-0.1343966940494032
4136,0.6554934301649158,0.22407063159964766,0.7103732905350826,-0.1244608499068159
4145,0.6576656521523774,0.22367541827454768,0.7101634896230681,-0.11451207466935955
4154,0.6532124091732175,0.21904254531840295,0.7163772720145202,-0.11017039522299363
4163,0.6486946574468999,0.21438804056228883,0.7225203077397103,-0.1058178357717933
4172,0.6418784452314618,0.21013576503273707,0.7301422161440764,-0.10357299843861177
4181,0.6349802809425635,0.20585666033984365,0.7376709033646213,-0.1013149373836499
4190,0.6368734301762985,0.20670713944486616,0.7365739000227648,-0.09551587429977525
4199,0.6387416522618581,0.2075495280577286,0.7354480672685355,-0.08971307273626095
4207,0.6425822179016424,0.2101173611620105,0.7323519497546617,-0.08123674947623932
4216,0.6468238926729285,0.21298034711690741,0.7287788631784011,-0.07169094917630131
4225,0.64938714390385,0.21239336037818948,0.7272654329247266,-0.06534820481444835
4234,0.651918292234874,0.21179587382768575,0.7257160498043974,-0.059002229919165025
4243,0.6511963942603243,0.20908490485374,0.7274179623454979,-0.05558656961693802
4252,0.6504598875209977,0.2063692453252698,0.7291035561876622,-0.0521696623005576
4261,0.6459867347714731,0.20483250243587367,0.7338137019967143,-0.04756296045270992
4270,0.6414710904036092,0.20328228610492138,0.7384755791183786,-0.04295313001559894
4279,0.6352630228185023,0.20315509945728943,0.7441978997958182,-0.03658392192605195
4288,0.6289838896008398,0.20300518624580707,0.7498369685089595,-0.03021062126467304
4297,0.6202458938724186,0.20217506405784352,0.7575726120720037,-0.022450212605073055
4306,0.6113856440833108,0.20130509199292815,0.7651589336822452,-0.014685378878445031
4315,0.5969729071486338,0.1991983133667543,0.7771185021784115,-0.00549669485522142
4324,0.5822977237939434,0.1970039614460644,0.7887364270817436,0.003694405672787223
4333,0.5676194270244116,0.20341409591954637,0.797702073606951,0.010114020411433932
4342,0.5527264926365041,0.20974731210057124,0.8063660798691571,0.016529810669892054
4351,0.5348085257486256,0.21953358858852068,0.815690817139902,0.020816702468609692
4360,0.5166113070320095,0.22920523497404824,0.8245896390757111,0.025092724765528523
4369,0.49601713348859766,0.23438216775814605,0.8356032847166648,0.02826929948667835
4378,0.4751341233975676,0.2394226170790974,0.8461303488433097,0.031429412665844966
4387,0.454978975111847,0.24233690258434695,0.8562488233951533,0.03324019082998221
4395,0.4368641936074733,0.2448215553148465,0.8648691148001223,0.03483527898215723
4404,0.420453859635979,0.24628014430777595,0.8725024016869741,0.0361137299016832
4413,0.4039042175077473,0.2476571337811428,0.8798466040558883,0.037380215329561955
4422,0.3910824247639942,0.24561380359425103,0.886099187943867,0.039454095476883035
4431,0.3781777345322581,0.2435184108086777,0.892163945961561,0.04151961256516956
4440,0.36441944835174145,0.24004225895677425,0.8985633957487569,0.046497348294331005
4449,0.35056382395787855,0.23650199064588345,0.9047228348671585,0.05146266435481456
4458,0.3329373905019497,0.23565826041855062,0.9110963233178185,0.05934111508059263
4467,0.31517308954440726,0.2347169454304628,0.9170925319032288,0.06719499298423501
4476,0.295290184998395,0.23749835951586246,0.9224080995323874,0.07457569166918256
4485,0.275263829623343,0.24016439781737584,0.9272755648766986,0.08192016177174018
4494,0.2559354450864277,0.24382945690872923,0.9314789514036571,0.08597212911141522
4503,0.23649928459680497,0.24739183795168815,0.935290086551052,0.08998789307129605
4512,0.2198765466292321,0.2500110314158277,0.938589727262393,0.09054342764830688
4521,0.20318908319818016,0.2525566286727713,0.9416130735892483,0.09107230878997245
4530,0.18765980772553945,0.2544772488262766,0.9442178492406317,0.09207485850990334
4539,0.17208312241566676,0.2563335785752871,0.9465840803944662,0.09305414670085783
4548,0.15723623172733536,0.25868334139548893,0.9481946800602666,0.09636672154878509
4557,0.1423516800161831,0.2609711447098146,0.9495781693387723,0.0996562147617765
4566,0.13089060313120626,0.2641106796252355,0.9498732194466613,0.10418284838628822
4575,0.11940834939934639,0.26720748396039457,0.9500145891585144,0.10869262622302493
4583,0.11306983774221364,0.26868221004304077,0.9501234579324361,0.11086251163421748
4592,0.10593266506528386,0.2703261559092978,0.9501924759455195,0.1132973899081165
4601,0.1015530675427175,0.2696086465281093,0.9508552200216623,0.1134570524361594
4610,0.09717142266806288,0.26888570172444815,0.9514987944610089,0.11361442762282645
4619,0.09465998674198076,0.2679416988267628,0.9521276097285089,0.1126931574343033
4628,0.0921477516395625,0.26699543380468327,0.9527483865641341,0.11177093582261007
4637,0.08961768473785596,0.26774525579730263,0.9528867968624957,0.11085080489286628
4646,0.08708691619510903,0.2684929815400535,0.9530177467529536,0.10992980608225386
4655,0.08258998135752121,0.27239594457150185,0.952382914253016,0.10929834856618759
4664,0.07809005203067675,0.2762890312630338,0.9517135509255122,0.1086629281877357
4673,0.07067045979144623,0.28499505379001977,0.9497285009542056,0.10862449034801985
4682,0.06324134208743297,0.2936626626664345,0.9476154398532737,0.10857141133064066
4691,0.054394888962325964,0.30294449680418084,0.9452300268974325,0.10865552982852192
4700,0.04553918275264295,0.31217479722057506,0.9426838213827771,0.10872116499412078
4709,0.0357938734385157,0.3202213078912844,0.9403480834027905,0.10919063438482905
4718,0.026042644051777072,0.3282148560515887,0.9378568179987248,0.10964204435860525
4727,0.013208867341866146,0.3359786379965854,0.9352550511927344,0.11064298374492727
4736,0.00037201622574834165,0.34366421983681145,0.9324356007761827,0.1116181706221833
4745,-0.015998910466118246,0.3537637682150145,0.9281842147934266,0.11432101543688639
4754,-0.03236351138443624,0.36372344272542095,0.9235658361228495,0.11697865912011046
4763,-0.050687230509746606,0.3747773221916826,0.9179914717711068,0.11943375230478549
4771,-0.06695419723270339,0.38444740503926295,0.9126548769614903,0.1215664583259233
4780,-0.08799611429459125,0.3931920545622939,0.9068925066207896,0.12329912219150921
4789,-0.10898915495271413,0.4017183101963442,0.9006264135341429,0.12496330101399507
4798,-0.1306904417449894,0.40830997177015904,0.894414139189697,0.12738258517986206
4807,-0.15231869334192386,0.4146734529342235,0.8877020294288345,0.12973068271671928
4816,-0.1708648450068911,0.4212504545584349,0.8805940995918791,0.13381812672075064
4825,-0.1893333477313329,0.4276360203639384,0.8730859867982514,0.13784475753782982
4834,-0.20193057544612544,0.4345693514978437,0.8659104748798552,0.1434314154294097
4843,-0.2144693523477768,0.4413768922114269,0.8584843165635455,0.14897655567145426
4852,-0.22078493120283219,0.44934431361257404,0.8516414445667615,0.15508240349583582
4861,-0.22705911892950953,0.45722749526026807,0.844638913121427,0.16115917761651258
4870,-0.23134609610690163,0.46561402243939043,0.83766711453974,0.16732116166992564
4879,-0.23559252108184475,0.4739189330517378,0.8305484829360772,0.17345381632579876
4888,-0.24192724130722143,0.48170101394402226,0.8227690852176203,0.18023977221728435
4897,-0.24821182025152053,0.4893832585970928,0.814819162279511,0.1869883720300114
4906,-0.2560375954564598,0.4979077678595199,0.8053819370914395,0.19466006222352225
4915,-0.2637912125932773,0.5062919537347994,0.7957177342808939,0.2022768921376063
4924,-0.27125049008593005,0.5167876428105808,0.7844442425888398,0.2097639962806964
4933,-0.278615115085369,0.5271029995343776,0.7728970201347704,0.21717790355978017
4942,-0.28853935215438375,0.5369534823003761,0.7600860932087992,0.22515579276228484
4951,-0.2983414536731306,0.5465766785332228,0.7469534301572289,0.23303837598160312
4960,-0.31035461878111364,0.5547373394529156,0.7326724145771493,0.2431822932197583
4968,-0.3208982799914069,0.5617502651505651,0.7196594794140807,0.2520935683258911
4977,-0.32969864250539743,0.5697387826539476,0.7051177648294257,0.26363888634275984
4977,-0.32969864250539743,0.5697387826539476,0.7051177648294257,0.26363888634275984
4986,-0.3383387653390037,0.5774503964984575,0.690233349879337,0.275056070951
4995,-0.34229139516251234,0.5856955384114544,0.6757757332238934,0.28831318989655436
5004,-0.3460837027033072,0.5936663525235761,0.6610015970482861,0.3014352688457957
5013,-0.3466897862702091,0.6005323328516065,0.6467532679297597,0.3176119010961342
5022,-0.34711829278499406,0.6070907161127721,0.6321736670423085,0.33362585020048025
5031,-0.3456987934408991,0.6130030893268227,0.6172695806690432,0.35170701083421924
5040,-0.3440767037848947,0.6185562235460476,0.6020037550035019,0.3695820601526237
5049,-0.339188678595999,0.624578245166548,0.5875200856206665,0.3868762140132942
5058,-0.33410764759660233,0.6302448680428198,0.5727021044005959,0.4039502268080592
5067,-0.32433621056397116,0.6377917708010283,0.5582543919353816,0.4199758487107913
5076,-0.31436433580438783,0.6449445222784228,0.5434616817864797,0.4357419281950434
5085,-0.3027394226199587,0.6519073112732353,0.5295242666784098,0.450521642653189
5094,-0.29093398272801013,0.6584813610695202,0.515271090670792,0.46503270630890337
5103,-0.2815333826582732,0.6614467864553554,0.5041008659155227,0.478653758075808
5112,-0.2720180656175564,0.664142690795089,0.492725234171355,0.4920797718377835
5121,-0.2634095731647965,0.6654986327381994,0.4837752234635221,0.5036749941694012
5130,-0.2547245611283495,0.6666612495955523,0.47468467770127637,0.5151239006310055
5139,-0.24532053167357232,0.6691573577291003,0.4646391127216785,0.5255061962200029
5148,-0.23584207889653808,0.6714504624151374,0.4544525893551759,0.5357290680676504
5156,-0.22859328332719916,0.6739677973336476,0.44406836809836225,0.5443489721028043
5165,-0.22037262031264623,0.6766056067665029,0.4322583130062705,0.5538894401824646
5174,-0.21254646584726425,0.6788284583884747,0.4205500976960125,0.5631638653763564
5183,-0.20465882444572625,0.6808549337408367,0.4087202226964044,0.5722753745673982
5192,-0.19596336842415712,0.682470888147032,0.39846154268493794,0.5805688969181856
5201,-0.18721848156537577,0.6839146924843377,0.38810235262503645,0.5887159734976799
5210,-0.17844968012065285,0.6854803122633729,0.37883605007053855,0.5956137173798953
5219,-0.16964290703272863,0.6869000712382801,0.3694891364030628,0.6023847228362035
5228,-0.16128318170364578,0.6886894811248694,0.36060904478472855,0.6079931337662892
5237,-0.15289387747520775,0.6903525872230911,0.3516628184428008,0.6134900403998801
5246,-0.14462859401524694,0.6926796877295266,0.3441962186096177,0.617095116732371
5255,-0.1363427043076936,0.6949080973149525,0.33668057873321644,0.6206122712064625
5264,-0.1290144352746915,0.6968079336220421,0.3316741587274317,0.6227409024342166
5273,-0.1216749538271277,0.6986472115938956,0.3266389135118234,0.6248154123603679
5282,-0.11543330072194757,0.6982665563088444,0.3248086296346818,0.6273741495629735
5291,-0.10918599136112876,0.6978516858179408,0.32296243006742853,0.6299021453023375
5300,-0.10206902061516408,0.6957015393631768,0.3240223908051193,0.6329224071047748
5309,-0.09494536231712489,0.6935058106127783,0.32506112162800577,0.6359011998940765
5318,-0.0845669545619005,0.6910910041368724,0.32708147296390044,0.6389517698864134
5327,-0.07417781268637669,0.6885884771794298,0.3290603077062664,0.6419212374528794
5336,-0.06075835874312215,0.6865996325748802,0.33042208437800963,0.6447562427353248
5344,-0.04881998253091938,0.6847199765940761,0.3315787662475682,0.6471712947376677
5353,-0.03288212724788642,0.6830858908854794,0.3314894839685956,0.6499439617375324
5362,-0.01693557855119923,0.6812712101634862,0.3313125621283368,0.6525447958243727
5371,0.00016765270177233806,0.6785434577137024,0.3302202759149411,0.6561503770182298
5380,0.017270831285900307,0.6756025378119771,0.3290242495298643,0.6595498256462659
5389,0.035232925478587133,0.6711634172887657,0.3263347485933106,0.6646833382265779
5398,0.053181774593342376,0.6664719869829839,0.32352256896578274,0.6695669770738674
5407,0.07405032324067513,0.6616128421232318,0.3183021556075012,0.6748842378520847
5416,0.09488076310437499,0.6564132090718577,0.31291793326842005,0.6798541805326622
5425,0.12002509793520576,0.6513962474339227,0.3056037853574419,0.684019905463175
5434,0.14508202358803432,0.6459049015920049,0.2980670791971309,0.6876874877660019
5443,0.17241170418856439,0.6387415279576928,0.29119708624198204,0.6910048637203987
5452,0.19959372672465325,0.631031118737019,0.28407770419618095,0.6937304443487382
5461,0.22545374791666697,0.6209890904262291,0.2790364415122469,0.6969087611948319
5470,0.2511322565090458,0.6104471043849079,0.2737705268526424,0.6995259974551216
5479,0.2737779920623792,0.599320166740306,0.2692475551863511,0.7024006711463456
5488,0.2962415669368696,0.5877944659679768,0.2645454372086266,0.704807996158036
5497,0.3176413205732972,0.5777780024599216,0.25879820861360503,0.7059037176246232
5506,0.33885286847496715,0.5674191995695609,0.25289763943015436,0.7065811839107953
5515,0.3600768241035927,0.5589240404716131,0.2453917119440977,0.7055008897482
5524,0.3810918883629804,0.5501046327680942,0.23774342536332493,0.7040113133519454
5532,0.3982034186020784,0.5429869331754993,0.23099811464626946,0.702309831088924
5541,0.41726704179547164,0.5347253306065153,0.22330157462056902,0.7000667421117671
5550,0.4342812674944175,0.5272058281188969,0.2163480096950624,0.6976011282974645
5559,0.4511215817375786,0.5194752017815317,0.20930780645439356,0.6948561544534757
5568,0.4680100939940624,0.5117969728853069,0.20366041832903475,0.6910519839137631
5577,0.48471582876878666,0.5039188659029538,0.19793349230722032,0.6869779287219764
5586,0.5045328067192355,0.495266574060039,0.19427040349041105,0.6800122630442157
5595,0.5240826277437726,0.4863520318863812,0.19050444587478244,0.672686521701686
5604,0.5469413327083777,0.47697625939853466,0.18948266289442045,0.6613963615017888
5613,0.5693958823431007,0.4672480313803873,0.18832086411428364,0.6496174708866166
5622,0.5909581435234057,0.4583366950239548,0.1892689290356186,0.6362964867886651
5631,0.6120933248868142,0.4490941231072158,0.19008021110618387,0.6225156572853364
5640,0.6289492643523314,0.4404673457833592,0.1914839347442579,0.6113470723771243
5649,0.645500005111086,0.43162683092624904,0.19279474047533668,0.5998818302559255
5658,0.6593993284588763,0.4223585765839257,0.1932710246992746,0.591144711069697
5667,0.6730641325935649,0.4129401079530034,0.1936785709572007,0.5821973478227213
5676,0.6860916358545067,0.4036784739322199,0.19330033230755173,0.5735476775509
5685,0.6988924176876157,0.39428344292011275,0.19285821687373708,0.5647084764036255
5694,0.7113707589803736,0.38682739590070225,0.19454881471489288,0.5535945878902708
5703,0.7236088858205596,0.37924072567254574,0.1961737176474018,0.5422937625100319
5712,0.7359167926914164,0.3731799722642767,0.20166489612028657,0.5277257357836613
5721,0.7479078154492587,0.3669585284006732,0.2070692381432249,0.512930471544355
5729,0.7573374903137768,0.3597621945602738,0.21379471278714215,0.5013012167496398
5738,0.7676549791444756,0.35152832012689605,0.2212786876271379,0.4880260398231523
5747,0.778337923711767,0.3389960409816247,0.2271876252553452,0.47713472273738045
5756,0.7886902928631011,0.32631978355411695,0.23300007183328864,0.4660407571558441
5765,0.8009268147640906,0.3100565230785419,0.23596470997574304,0.45464474651573533
5774,0.8127205168459128,0.29362183723556723,0.2387988869471202,0.4429973699571354
5783,0.8248501660873176,0.2780638736598149,0.24202623744064555,0.42863269364497525
5792,0.836480006989898,0.2623374205225701,0.24510693495807834,0.4140082923507704
5801,0.8463346148359343,0.24885655397707784,0.24902889761952793,0.399715828337542
5810,0.8557673220181458,0.2352516315989639,0.252826718534468,0.38522410463392553
5819,0.8635454235161305,0.2228224691512582,0.2562728373884433,0.3727783276728406
5828,0.8709938613316777,0.2103082428797977,0.2596211225385027,0.3601902403330691
5837,0.878974435790518,0.19817782343951415,0.2599056979207538,0.34724417880195363
5846,0.8866223024836231,0.18597239009874605,0.2600918942824827,0.33416667905126135
5855,0.8952932979078532,0.17300956303344614,0.2587020951859072,0.3187331607578318
5864,0.903531556830016,0.1599631124748103,0.25718725344687043,0.30314558404198194
5873,0.9113512018724249,0.14666710704219793,0.2550542475792615,0.28788031775259626
5882,0.918737491509665,0.1333013601274142,0.2527999612035754,0.2724781618739024
5891,0.925504920352816,0.11965564800667679,0.2484649321709029,0.25959265356349903
5900,0.9318865688017842,0.1059600595405639,0.2440263349157763,0.24659893863634377
5909,0.9386286042678247,0.0898225231071507,0.23727064310483922,0.23368975055298608
5917,0.9442133243139298,0.07543871293301546,0.23116226073239649,0.22211305227774325
5926,0.9506283887156844,0.05628516405986144,0.22261388044047917,0.20875992697308585
5935,0.9564166161283967,0.03709450118592031,0.21391871028178447,0.19526914699115405
5944,0.9618230428377272,0.01715048304569713,0.2036414366013232,0.18202324163859998
5953,0.9665484318203504,-0.0028056788314351896,0.19321997059559048,0.16864845114899646
5962,0.9702843832513643,-0.019822817170128182,0.18303447178445734,0.15701481992647703
5971,0.9734938330595733,-0.03682919913101196,0.1727496536932376,0.14529598836586835
5980,0.9761804357601971,-0.049605231520944267,0.16299084979676373,0.1343319050982081
5980,0.9761804357601972,-0.04960523152094427,0.16299084979676376,0.13433190509820814
5989,0.9784903399844517,-0.062362121737514625,0.15316914932653017,0.12331598446306483
5998,0.9807118391051358,-0.0719861509257679,0.14340565913416384,0.11161137774533046
6007,0.9826098204597342,-0.08158643328257896,0.13359486220332734,0.09986995260432625
6016,0.9843830771635719,-0.09017102110136911,0.12434226965965144,0.08601246609300525
6025,0.9858073897654908,-0.09872364509763198,0.1150456002696507,0.07212448988368872
6034,0.9866309397300006,-0.1080881769697969,0.10791213692266204,0.056844572930285255
6043,0.9870867379560724,-0.11741242061119123,0.10073845096116388,0.04154346802333797
6052,0.9868532200434519,-0.12741073309192244,0.09575022762428546,0.026816433259234263
6061,0.9862824068436885,-0.1373654980227947,0.09072927794080902,0.012080232941051582
6070,0.9855095079422654,-0.14654612997092084,0.08541194183150358,0.00020430005338924716
6079,0.984486099204761,-0.15568951088625477,0.08007289458559806,-0.011671684765961693
6088,0.9835204651715295,-0.1630133130068739,0.07518341997068037,-0.021485058361887008
6097,0.9823829316380022,-0.17030862369488972,0.07028080481341391,-0.03129467680382517
6105,0.981687158590915,-0.1746918705548146,0.06481678542345981,-0.039646656190969624
6114,0.9807644198236015,-0.17959808445083394,0.05866055256827615,-0.04903692937011977
6123,0.979706909037277,-0.18435590816756053,0.052941132803963016,-0.05817652418091096
6132,0.9785122400955423,-0.18908792220991408,0.04721430132492812,-0.06730797432652603
6141,0.9770306130324837,-0.1944413132169854,0.04367269616244713,-0.07547484694734963
6150,0.9754414199896896,-0.19977329724859638,0.04012628286367261,-0.08363341018078146
6159,0.9740178681354461,-0.20350439890539496,0.042368132337624216,-0.08988934053187919
6168,0.9725357678985693,-0.2072232678775535,0.044607435055808074,-0.09613986761915981
6177,0.9721371686864908,-0.2061276498978269,0.050810612488618415,-0.09939315300534342
6186,0.9716895518528754,-0.2050216384392205,0.05701122792148343,-0.10264142673667592
6195,0.9725974967417566,-0.19985988083672093,0.06218025396668901,-0.1012114290988858
6204,0.9734507506945459,-0.19468688474758453,0.06734578350248832,-0.09977574015732493
6213,0.9748660670956997,-0.18688925694660602,0.07298618786456366,-0.09685852179497255
6222,0.9761808451263384,-0.17907235517354625,0.07861906512866555,-0.09393131437024486
6231,0.9776554569931537,-0.16800683816558487,0.08522600515767877,-0.09327399308475062
6240,0.9789651345963206,-0.15691297775306048,0.09181856722940261,-0.09260093611522072
6249,0.9801153107585927,-0.14380548209064306,0.09730557177136816,-0.09604991743625955
6258,0.98105463271586,-0.1306670492616813,0.10277164276729765,-0.09947823534273942
6267,0.9814662924944986,-0.11715336615229698,0.10601595908005605,-0.10844179045287378
6276,0.9816093642040943,-0.10360762285232097,0.10923126306508119,-0.11737566938225288
6285,0.9814762728075971,-0.09164009652994665,0.10725464018336715,-0.12962584920773282
6294,0.9810514735666207,-0.07964533354809591,0.1052461397914523,-0.14183750250118257
6302,0.9808224529226582,-0.07199623420110039,0.09993278830957528,-0.1510539503763932
6311,0.9803634665774058,-0.06337628370642114,0.09393479945844732,-0.16139136753431493
6320,0.9799777718530567,-0.05967420936549317,0.08961718794273527,-0.16748526811561162
6329,0.9795238397983123,-0.055967979819357985,0.08529333624705342,-0.17356750644506444
6338,0.9786694030787662,-0.05406956636079635,0.0885867910754266,-0.1772993567894872
6347,0.9777864796539686,-0.05216957906760256,0.09187766735603012,-0.18102604637737435
6356,0.9768811162092512,-0.04911202064770032,0.0977832589909893,-0.1836565503399444
6365,0.975924990202019,-0.04605191017517162,0.10368376942546761,-0.18627751079004073
6374,0.9747175350494448,-0.040455506252543016,0.1101503181948333,-0.19014727524359049
6383,0.9734227754076229,-0.034855478770079246,0.11660700090872685,-0.19400000839304443
6392,0.9716190883308066,-0.02839201926256748,0.12357784572933471,-0.19969666115962809
6401,0.9696929052264953,-0.02192498025603805,0.1305331105810329,-0.20536813734416445
6410,0.9673356234250466,-0.017244906306899514,0.138677829654669,-0.21150145252837715
6419,0.9648512203022541,-0.012562566137823347,0.14680432453752798,-0.21760697348744146
6428,0.9627310302963135,-0.00976357365205222,0.15499278049360316,-0.22142916232737156
6437,0.9605203536792458,-0.006963663492845356,0.16316666875526042,-0.22523053915036947
6446,0.9585915487399055,-0.0031720129532120363,0.17252460354602583,-0.22655560507200145
6455,0.9565597684018027,0.0006199783356164605,0.18186400511493067,-0.22785633356461604
6464,0.9542331134980931,0.007391133030975869,0.1921904390373631,-0.22901391092874573
6473,0.9517545092979781,0.014161110783879802,0.20248626911512227,-0.2301350207859943
6482,0.9487558871006739,0.02060640638639279,0.2123716370909245,-0.233100687401331
6490,0.9459653423843996,0.026332872668291183,0.22113067911545436,-0.23570611697310517
6499,0.9424169091946387,0.0309219052309516,0.22953006629362224,-0.24126780495573316
6508,0.9387411246858909,0.035506759233806556,0.23789843645967532,-0.24679688977420902
6517,0.9348534032695858,0.03986667684670882,0.24544501265838345,-0.25340976349304184
6526,0.9308396597156705,0.04422122026530632,0.2529585018457455,-0.25998847651889867
6535,0.9268641975944818,0.04996153004952175,0.2597101447726402,-0.2664155502871827
6544,0.9227630087408973,0.05569506268133997,0.26642655868976517,-0.2728064854747729
6553,0.9187078484807165,0.0626808770399432,0.27176764219602867,-0.2796235781343339
6562,0.9145238432552754,0.06965790066552063,0.2770706114176743,-0.2864014547468456
6571,0.9108407626151797,0.07592441357579736,0.28062207477557055,-0.29301167166244985
6580,0.9070582708771583,0.08218263993410724,0.28414291044342405,-0.2995899086610581
6589,0.9040083376931305,0.08593618631955187,0.28665668465325583,-0.3053061453783042
6598,0.9009020073831547,0.08968437152222718,0.28915257560640273,-0.3110033353805857
6607,0.8980553992730187,0.09229133440481477,0.2918207074652901,-0.31594221643334613
6616,0.8951671115973798,0.09489401396287608,0.2944752956604995,-0.3208664343213222
6625,0.8915064427677308,0.10051098102365075,0.29871881499817154,-0.32539341536573546
6634,0.8877713760948787,0.10611956025922566,0.302937405704379,-0.32989324173449586
6643,0.8830834816414275,0.11617065972523538,0.3081697511403557,-0.33421452205604363
6652,0.878246300285288,0.12620212032545927,0.31334999990755047,-0.3384793027919141
6661,0.8734782301153791,0.13773216249987189,0.31623216264929405,-0.3436027535305331
6670,0.8685439955829568,0.1492360034752273,0.31905416760587346,-0.3486608396950508
6678,0.8656466607780224,0.1568875855988782,0.3181394762782575,-0.35331206857707265
6687,0.8622946562207383,0.16547881408649992,0.3170764515186231,-0.3585069202038406
6696,0.8600944290628296,0.1713489386315642,0.3136226052197043,-0.36403018531452497
6705,0.8578239021955973,0.17720505799281186,0.31014312501683355,-0.36952369646407685
6714,0.8554912163209818,0.1822412662203562,0.30643340581736267,-0.37552825124512274
6723,0.8530895594515527,0.187262781881586,0.3026989814935841,-0.38150253037099546
6732,0.849578148437451,0.19398640402493364,0.30117869948077897,-0.38714033079767624
6741,0.8459888878988152,0.20069225058242474,0.29963081951409815,-0.39274265633515937
6750,0.8418076243424211,0.20934296143584172,0.2992844977860428,-0.39744715055111046
6759,0.837529914913642,0.2179696878729153,0.2989038870427238,-0.4021061092598348
6768,0.8340196432741592,0.2263487530438579,0.2950526243137437,-0.40757996211039066
6777,0.8304031792247575,0.2346989981267346,0.29116379370553974,-0.4130019194225618
6786,0.8271795294040362,0.24091629696177733,0.28236860012953174,-0.42190204746366283
6795,0.8237857995340833,0.24708405992922258,0.2735153474941488,-0.43071542635484816
6804,0.8202774661931916,0.25052301199117266,0.2652458490336653,-0.4404857982829391
6813,0.816614937449782,0.2539148708459263,0.25692648977346016,-0.45017336788161216
6822,0.8133577581290685,0.25655685790464117,0.2499234330449794,-0.45843866936414207
6831,0.8099908183547211,0.25916422330170086,0.2428866498177831,-0.4666421057746174
6840,0.8060341250839135,0.2639220046452393,0.23725002243251755,-0.47367350730225377
6849,0.8019811074459949,0.2686482462322427,0.23158504270143107,-0.48064830291285987
6858,0.7975263301606895,0.2761539993693736,0.2260853430934169,-0.48639093224591984
6866,0.7934731723073897,0.2827934934732283,0.2211702380442318,-0.4914385929911414
6875,0.7888999330091778,0.291541030509311,0.21306485394581579,-0.4972364540545391
6884,0.7841714805158752,0.3002312079070517,0.20491755011162752,-0.5029364856524746
6893,0.7800664476079762,0.30878232608393325,0.19452452221337505,-0.5082420906144298
6902,0.7757850125094667,0.31726361703146777,0.1840875050473479,-0.513432763036446
6911,0.7722510454316656,0.32452732588892674,0.17366694176421701,-0.517832145505999
6920,0.768567884784339,0.3317283383079098,0.16321282722712072,-0.5221314863807105
6929,0.7650913112603586,0.3371042905530882,0.15429882340365364,-0.52648633013674
6938,0.7615080751674829,0.34243324656515467,0.145363308541387,-0.5307677756151599
6947,0.7583945131956421,0.34694433498315624,0.1380595876385204,-0.5342349118495741
6956,0.7552085931373227,0.35142232159496434,0.13074269453120382,-0.5376510769663458
6965,0.7520015506053291,0.3567677196881474,0.12378093525695125,-0.5402672876850999
6974,0.7487236927992393,0.36207952130292154,0.11680751964920964,-0.5428326219448468
6983,0.7457913268598155,0.3683983995256733,0.10776574613460052,-0.5444855002363709
6983,0.7457913268598155,0.3683983995256733,0.10776574613460052,-0.5444855002363709
6992,0.7427597612270308,0.3746682760948104,0.09870963841069404,-0.5460659550594023
7001,0.7404325143001926,0.38139073728017253,0.08608781470447868,-0.5467080440631809
7010,0.7379495319992939,0.38803298044702994,0.07344788412455623,-0.5472351438139218
7019,0.7357179851165851,0.39292398109737925,0.05867541783528215,-0.5485316643516887
7028,0.7333033854083891,0.39771721895492396,0.04388835260831907,-0.5496917055956771
7037,0.7306440609075834,0.3992076540239231,0.028709528941683184,-0.553143985032051
7046,0.7278009002786571,0.4005976451238839,0.01352348171856722,-0.5564570888370303
7054,0.7247606855366576,0.3997384598585878,0.0014835595204435127,-0.5611852737389565
7063,0.7211868769220148,0.3986871700181995,-0.01206156103618679,-0.5663855116117646
7072,0.7171628077337513,0.39688401219794106,-0.023554537100731583,-0.5723685629444348
7081,0.7130043924990894,0.39500650613019606,-0.035043100695889916,-0.5782443925239896
7090,0.7092221102223409,0.3929780316607859,-0.04543098247163333,-0.5835308825036137
7099,0.7053304123981643,0.3908889303357805,-0.055811855362930415,-0.5887273480042629
7108,0.7019286108911361,0.389388772251533,-0.06903874370906952,-0.5923734135863604
7117,0.6983849727071786,0.3878099315083473,-0.08225168159666466,-0.5958997799922444
7126,0.6937510830202765,0.38483547448552824,-0.10335808016214379,-0.5999401633920568
7135,0.688775781021541,0.3816716302714884,-0.12441361362346888,-0.603685301186985
7144,0.6815009082900845,0.3734513815708327,-0.1508738847998121,-0.6110054406370202
7153,0.6736302492997032,0.36490465171834013,-0.17720225800463263,-0.6177914228449569
7162,0.6713475026190653,0.35054861793548747,-0.18856055267973929,-0.6251824654960944
7171,0.6687996105937826,0.33605413672599704,-0.19984437630590082,-0.6323265954535325
7180,0.6679230899398642,0.3125007488058765,-0.2084966215041697,-0.6424571477867591
7189,0.6665569684304523,0.28871829164670415,-0.21699603454886668,-0.652116766304533
7198,0.6671286079158225,0.2635524329023306,-0.22495080972253514,-0.6594517941568853
7207,0.6671994150756901,0.23818871788812224,-0.23273670795730422,-0.6662917528850753
7216,0.670771176758743,0.21996734391554515,-0.2401559911343611,-0.6663373739801065
7225,0.6740747481642506,0.20165802176472247,-0.24747925423162306,-0.6661165775374462
7234,0.679040856001046,0.19490857016520363,-0.2516927246283428,-0.6614869141008641
7243,0.6839326737530762,0.18813779470266379,-0.2558786587234068,-0.6567848810587048
7251,0.6868148518829537,0.18646662698807134,-0.2592192654629174,-0.6529325605799987
7260,0.6900268396161146,0.1845782973898344,-0.26296594659283806,-0.6485697523586801
7269,0.6915054143609444,0.18062701169032858,-0.26782220831223735,-0.6461156315181342
7278,0.6929512084098934,0.17666716339823121,-0.2726657739656646,-0.6436308816765992
7287,0.6951442402200652,0.17019089534840398,-0.2777934084611172,-0.6408122709849835
7296,0.6972809732449222,0.16370084376974148,-0.282898544846739,-0.637941761780248
7305,0.7002730536033922,0.15622371295995038,-0.28913557297172116,-0.633728981780305
7314,0.7031800451380227,0.14872759970906263,-0.29533746879265743,-0.6294391985979387
7323,0.7060382836862866,0.14130292477051729,-0.3025507770142352,-0.6245049661521537
7332,0.7087979071909687,0.13385851351680816,-0.3097218268218566,-0.6194835067303287
7341,0.7100877568559668,0.12543641811512135,-0.3193120291449241,-0.6148828430010558
7350,0.7112457194433506,0.11699102496966712,-0.32884292453027253,-0.610167974935128
7359,0.7102529368623669,0.10568021430911605,-0.3409126728405416,-0.6067544869868537
7368,0.7090568438247074,0.09433915260486254,-0.35288483463253745,-0.6031673150938368
7377,0.7084994534609458,0.08640358566349896,-0.3620144880124757,-0.5995902394961886
7386,0.7078291070666088,0.07845424340302067,-0.37108642544164383,-0.5959175712582154
7395,0.7094306710005032,0.07576702359692936,-0.37714005730011557,-0.590536077101733
7404,0.7109787487601712,0.07307409148040325,-0.3831652554022852,-0.585110060602479
7413,0.7143445852654535,0.07337854454162876,-0.3865082560506774,-0.5787389486699019
7422,0.7176652835738955,0.07367836093974278,-0.3898268339119414,-0.5723312672257429
7431,0.7220670116967939,0.07350842290377489,-0.39133218863679203,-0.5657515890549492
7439,0.7259402888827541,0.07335335764481193,-0.39264894292283903,-0.559872118899158
7448,0.7308132150758672,0.07173643504711452,-0.39307837382191857,-0.5534033977043522
7457,0.7356361619667195,0.07011460649411091,-0.39348092263614787,-0.5468968300186574
7466,0.739858583567947,0.06473798012265733,-0.39578402222246184,-0.5401604187682393
7475,0.7440089278059567,0.05935504694742948,-0.3980485643474459,-0.5333713848415907
7484,0.7480543929661395,0.05602859467214676,-0.39967599908690316,-0.5268154491821693
7493,0.7520452053402179,0.052698048952818884,-0.40127423353411623,-0.5202210244338106
7502,0.7573188488066267,0.053742275178915014,-0.4013075464639534,-0.5123789439973908
7511,0.7625240298469933,0.05478164304641414,-0.40130458076654757,-0.5044905439617503
7520,0.7691860944035898,0.05834464718097415,-0.39995751670143914,-0.4949572094186503
7529,0.7757329524578198,0.06189891262046098,-0.39855054813866814,-0.4853497415944978
7538,0.7826026734611521,0.0642383000153368,-0.3967359660324791,-0.4754020083664694
7547,0.7893511568633492,0.066567735875853,-0.39485992321520774,-0.4653806278062458
7556,0.7964836408249326,0.06608254816584098,-0.39229020401133774,-0.45536282518768706
7565,0.8034902265602994,0.06558691494863772,-0.389658476451846,-0.4452730444781323
7574,0.8107380584155391,0.060635013525654,-0.38780847934970436,-0.4343176016647445
7583,0.8178233400378033,0.05567095498796134,-0.38588072796180567,-0.4232750796442032
7592,0.8248962140067938,0.04627579887079437,-0.3861750380850739,-0.41021168500680155
7601,0.8317141674920204,0.0368663419860467,-0.3863500072223434,-0.3970215212566171
7610,0.8386689200987998,0.027132805383826748,-0.38723406112901687,-0.38203145843483294
7619,0.8453145444966607,0.01738926779631901,-0.3879753829409624,-0.36690058116569507
7627,0.8513095015534091,0.010808367612679464,-0.3884160347287477,-0.3525454519916995
7636,0.8577632144782996,0.0034012598904203167,-0.38877920601641663,-0.336275821742
7645,0.8659354820438153,-0.0016093300824402829,-0.3852329769173977,-0.3189807274579306
7654,0.8737582684433328,-0.006619270548997757,-0.3815312724131716,-0.30155689638125416
7663,0.8851427413731219,-0.00740051165655557,-0.36841099565693347,-0.2841494291755009
7672,0.8959913682380647,-0.008177272656144739,-0.3550676909380386,-0.2665699441173323
7681,0.9084501870693948,-0.005051896251943802,-0.33581398882383034,-0.24884071384737114
7690,0.9201368043501242,-0.0019222256308724745,-0.3162748378357332,-0.23089996379589567
7699,0.9316761091636138,0.004014796814149306,-0.29534839981170513,-0.21150137528856985
7708,0.9422999258935585,0.009947874220111851,-0.2741317451148847,-0.19189496027713432
7717,0.9516359938169808,0.018324123532642924,-0.25273470916734825,-0.17371910819142417
7726,0.9600722723380052,0.026683047048051953,-0.23109870788600304,-0.15537900148150866
7735,0.9664042421558495,0.0344201734272076,-0.2125840744223067,-0.14030717624708336
7744,0.9720888095240261,0.04213424143842288,-0.19392702907284054,-0.12514135803782833
7753,0.9752075906351352,0.04638502198347782,-0.1848490123560192,-0.11246967384237899
7762,0.9780623070840351,0.05062324248974793,-0.17572094261205135,-0.09976753534497675
7771,0.9799631710667301,0.05035578706383406,-0.1709744788800219,-0.08890559956338834
7780,0.9817227288844822,0.05008107056590976,-0.1662033614174983,-0.07803084400480505
7789,0.9833858737950696,0.045216855158202944,-0.16173162497184734,-0.06892416639956728
7798,0.9849218131737058,0.04034679074018711,-0.1572389677890411,-0.05980857313315845
7807,0.9869233184787229,0.03228609192388696,-0.1492236137507067,-0.051694146771248915
7815,0.9885375101201618,0.02511558069928773,-0.14207386644647285,-0.04447263388330413
7824,0.9905746548947133,0.01558061906570142,-0.13116813668983357,-0.0362493766438313
7833,0.9923328317037966,0.006041269581507366,-0.12022546705385677,-0.028015910769601002
7842,0.9938333658757947,-0.0024653439580103447,-0.10913805041336973,-0.019443479707248103
7851,0.995064539940845,-0.010971289311758694,-0.09802105392786958,-0.010865778850226188
7860,0.9961647413147567,-0.016471853729756326,-0.0858925612871865,-0.002637064947305381
7869,0.9970196085130505,-0.021968361480730836,-0.07374291513660576,0.005592298408590486
7878,0.9977128022442627,-0.023574614073004506,-0.061996548826725624,0.013031874108704171
7887,0.9982100601737215,-0.02517623696532942,-0.05023800732627663,0.020468890544572578
7896,0.9985334121887948,-0.02287835473081751,-0.04126967692100623,0.02654090040389321
7905,0.9987342590590217,-0.020577665663678944,-0.03229628334239855,0.03260965409090289
7914,0.9988247288361536,-0.01594188629503126,-0.026197870522289172,0.037532504670456095
7923,0.9988323723392681,-0.011304784965678653,-0.020097285276988563,0.04245224291465491
7932,0.9987949631783718,-0.006573770520059271,-0.014357729260725701,0.04646786718949342
7941,0.9986861884806206,-0.0018422863677637227,-0.008617147361178997,0.05048017125907385
7950,0.9985425770788033,0.0015062188362731032,-0.0024759053134479118,0.05389177078662635
7959,0.9983384670012732,0.0048546327830645995,0.0036654867419003666,0.05730010517472537
7968,0.9981654431604582,0.006351740591134415,0.008687466868878425,0.05958130068361423
7977,0.9979597838948406,0.007848640726464358,0.013709162955596755,0.06186054815766435
7986,0.9978693260464694,0.007530988761393081,0.016970853424296484,0.06254664241901312
7986,0.9978693260464694,0.007530988761393081,0.016970853424296484,0.06254664241901312
7995,0.9977676736654839,0.007213252310410565,0.020232353506572674,0.06323203500489176
8004,0.9977380858356246,0.00521400554786963,0.02189762657179087,0.06334050970534613
8012,0.9977061042424604,0.00343686720341581,0.023377744958744083,0.0634365710123339
8021,0.9976292791182712,5.8318003793602815e-05,0.02480665836916793,0.06419071385741545
8030,0.9975384562359589,-0.0033202320140897842,0.02623522371682843,0.06494395604119416
8039,0.9973331501690503,-0.007110134811091538,0.028103969571600225,0.06697910458617129
8048,0.9971058633238623,-0.010899880903889894,0.029972096027404055,0.06901277694152509
8057,0.9968208094290184,-0.013961586443615202,0.03172897827361683,0.07173994654978873
8066,0.9965158396666155,-0.01702301303941809,0.03348522659433054,0.07446568283798051
8075,0.9962453463081841,-0.019120804152946484,0.03526726796958964,0.0767191281089167
8084,0.9959621731561474,-0.021218351904886162,0.03704886047782966,0.07897159693091531
8093,0.9958404740802574,-0.022388404899791995,0.037925974787149895,0.07976296099127464
8102,0.9957160071441786,-0.02355839566788919,0.03880298368420936,0.08055410335676415
8111,0.9958573391312145,-0.02332655859315499,0.03951221841981373,0.07850360729445706
8120,0.9959939096542638,-0.023094609987818655,0.040221264236787235,0.07645273588511554
8129,0.9964324268461188,-0.02054680878446383,0.04031348613648629,0.0712395270468047
8138,0.9968371952308205,-0.017998311668101157,0.040404342632940085,0.06602390535138962
8147,0.9973882033814936,-0.0136478133785244,0.03899831935572245,0.05924221495564192
8156,0.9978721883700001,-0.00929639797402069,0.03758967544325613,0.052456543561756684
8165,0.9983215411859344,-0.0055136828720832275,0.03475485322804444,0.04599782475752628
8174,0.9987067397461059,-0.0017306134492114991,0.03191779759238553,0.0395361500356959
8183,0.9990431882036213,-0.0006046427778858993,0.028173676225537632,0.03344527588454748
8192,0.999327188691782,0.0005213596360973347,0.024428075791393423,0.027352645916608204
8200,0.9995110711196167,-0.0011998847872755451,0.022256013809253752,0.02192826566640184
8209,0.9996735684550754,-0.0031362283148411068,0.019811460113313962,0.015824874483913964
8218,0.9997522201288376,-0.006573554482284712,0.018724380086356174,0.010083864304449226
8227,0.9997849208530091,-0.010010578513794466,0.01763643944310952,0.004342390647003641
8236,0.9997679675503554,-0.013369207999706539,0.016860610173368058,-0.0009975782045091117
8245,0.9997106257634865,-0.016727297398254553,0.016084099771093895,-0.006337506755999387
8254,0.9996395569058758,-0.019261822285543545,0.014266849445546735,-0.012091132211782332
8263,0.9995256680161971,-0.02179552208358686,0.012448987992772218,-0.017844239738212173
8272,0.9993802632105863,-0.023861078354240443,0.008948388341700416,-0.024283014454519785
8281,0.9991768946664835,-0.02592525068991275,0.0054472696869411735,-0.030720380763686037
8290,0.9988793254180142,-0.02902404382843052,0.001448175454718079,-0.03735774243916316
8299,0.9985120959325247,-0.032120812876829566,-0.0025510197709312037,-0.04399249884578884
8308,0.9980283053608314,-0.036904075200743,-0.00543090237223492,-0.05047867105608251
8317,0.997471181859418,-0.04168462589419611,-0.008310385922750355,-0.05696113420440164
8326,0.9968400135393762,-0.047077213513795284,-0.010335613931364276,-0.0631418914766946
8335,0.9961372903648538,-0.05246642185174786,-0.012360100032208865,-0.06931811631770986
8344,0.9954597462875052,-0.05698937128042573,-0.014194028012766037,-0.07490416978413339
8353,0.994726970696294,-0.06150915874372866,-0.016027168460067465,-0.0804860673108444
8362,0.9941422669161364,-0.06403313081356278,-0.017491308324545617,-0.08529340784699826
8371,0.9935257838453568,-0.0665550559656254,-0.01895488905237995,-0.09009802184783992
8380,0.9931217711225995,-0.06668909774667252,-0.019919341166242183,-0.0941537668473692
8388,0.9927480077859332,-0.06680726293264182,-0.020776338807888425,-0.09775748770426526
8397,0.9924738061614328,-0.06466060241093674,-0.020914129351551937,-0.1018692778651154
8406,0.9921781580290403,-0.06251254462906086,-0.021051467958814296,-0.1059788667182251
8415,0.9919222960561295,-0.058808645722114763,-0.02029429093176134,-0.1105434011175885
8424,0.9916315257350193,-0.05510267718462387,-0.019536399695362434,-0.11510404520462332
8433,0.9913765670841967,-0.051183883046924304,-0.018742457410924205,-0.11916976396213745
8442,0.9910893070404376,-0.04726342121727679,-0.017947904452901862,-0.1232315998869322
8451,0.9908267647995732,-0.044237413728751396,-0.01720508782122446,-0.12652809307211843
8460,0.9905437676400525,-0.04121049299006812,-0.016461916002662367,-0.12982197417420044
8469,0.9902082255951246,-0.03915175186177031,-0.015747820935671595,-0.13306696218704156
8478,0.98985744337178,-0.03709240815346128,-0.015033483495819712,-0.1363099021819076
8487,0.9893612992038768,-0.03545925951756949,-0.015158692709382799,-0.1402749963016405
8496,0.9888467024759653,-0.03382544953165863,-0.015283619198437567,-0.14423747415491037
8505,0.9881659029033707,-0.03209759009514894,-0.01673261600264241,-0.14905674292348622
8514,0.9874566699147589,-0.030368807084844983,-0.01818113134373417,-0.1538717227438508
8523,0.9866889389713869,-0.028777082697012544,-0.020345599835245434,-0.1587541299945055
8532,0.9858899834457391,-0.02718444763475087,-0.022509424473531117,-0.16363151334026185
8541,0.9850913959746915,-0.025883184457682278,-0.024583936865889923,-0.16828735064507144
8550,0.9842649191373687,-0.02458118849011865,-0.02665775325133755,-0.17293842349088687
8559,0.9833793915636431,-0.023299334212599533,-0.028480899624910027,-0.17779468954309252
8568,0.9824650170548832,-0.02201679646094405,-0.03030321052575627,-0.18264574007837492
8577,0.9814498702879487,-0.020797430621928806,-0.03181293704737832,-0.18791369302877972
8585,0.9805206991946924,-0.019712980367874215,-0.03315404844084444,-0.19259118860360488
8594,0.9794709361402141,-0.01862834210266692,-0.03444185843916596,-0.19774586851404805
8603,0.9783912917564525,-0.017543135531036404,-0.03572861769828209,-0.20289451566824146
8612,0.9774781675112618,-0.016873055149481442,-0.03668243315324738,-0.2071379519709165
8621,0.9765452988725725,-0.016202633943699946,-0.03763550764803706,-0.21137720422798506
8630,0.975848695309029,-0.016283941046116253,-0.038846020269801156,-0.2143481836565701
8639,0.9751415682644489,-0.016365072543701994,-0.040056113978920685,-0.2173168515700025
8648,0.9745515193007022,-0.016558588999972163,-0.04165158556080466,-0.2196367336747071
8657,0.9739533689009475,-0.016751967804875,-0.043246710893518246,-0.22195478994167234
8666,0.973380184334957,-0.01653740079454193,-0.04546450424716572,-0.22403238599043082
8675,0.9727976459822909,-0.01632267486653035,-0.04768186070546553,-0.22610782917930916
8684,0.9723675887429974,-0.016156653280996747,-0.05103448475774537,-0.22723493631569533
8693,0.9719251600991404,-0.015990426134833147,-0.05438645949975927,-0.22835915234859275
8702,0.9716626339512288,-0.01613964918035191,-0.058414998440228516,-0.2284708416068097
8711,0.9713842378435277,-0.016288608620402524,-0.062442583300913325,-0.22857879929921085
8720,0.9712734731106726,-0.016945094492437304,-0.06659473742416513,-0.22782854332058636
8729,0.9711449860262671,-0.017601271175628812,-0.07074567642584645,-0.2270741302660716
8738,0.971331559493653,-0.019216731891064244,-0.07475776611459903,-0.22484882733207662
8747,0.9714951188529141,-0.020831737297556784,-0.07876808454070115,-0.2226181969739149
8756,0.971971995318512,-0.023003374306456065,-0.08233039257387696,-0.21900454686078788
8765,0.9724190400933777,-0.025174305297536514,-0.0858901737288907,-0.21538417507672553
8773,0.9731049458462115,-0.026806919304476227,-0.08773891357668707,-0.21130555243870827
8782,0.9738496165446097,-0.028642865143700142,-0.08981631182684906,-0.20671124972313162
8791,0.9747369695332255,-0.02991739635694278,-0.09154499579285466,-0.20152494477282895
8800,0.9755928405330605,-0.031190961300139347,-0.09327072304477167,-0.19633213098347668
8809,0.976341727115495,-0.03202568508305204,-0.0954723381990715,-0.19135365172082716
8818,0.9770604545410684,-0.03285941959383472,-0.09767100421666676,-0.18636926155153713
8827,0.9775845825030343,-0.03337349972441237,-0.09988331488319839,-0.18231269011359733
8836,0.9780873120390232,-0.03388684933982416,-0.10209343919597802,-0.17825212801881427
8845,0.9786451857162264,-0.03460043862554072,-0.10333692692696893,-0.1742925404446887
8854,0.9791853997134528,-0.03531340354536645,-0.10457854994019904,-0.17032980775675524
8863,0.9802076841496401,-0.03737023983745827,-0.10260496449614681,-0.1651320149735805
8872,0.9811944970944932,-0.03942572378538876,-0.10062766601130962,-0.15992824643758022
8881,0.9826401396547156,-0.043092623958477745,-0.09472257713146855,-0.1535871579309528
8890,0.9839967397702465,-0.046755619271149795,-0.08880890491628944,-0.14723215204454052
8899,0.9853480680147241,-0.05069950772535916,-0.08269545550090407,-0.1402861590305869
8908,0.9865979040022346,-0.05463817405793132,-0.07657348833560662,-0.13332571634208332
8917,0.987771348796334,-0.05804384734933059,-0.07205428618714856,-0.12548646988428394
8926,0.9888511009529234,-0.061444015033429125,-0.06752824950545058,-0.11763532071403031
8935,0.9898459631882411,-0.06398337563731536,-0.06402346288635538,-0.10959969435193248
8944,0.9907573884135858,-0.06651734289541883,-0.06051327954240598,-0.10155482951119174
8953,0.9916282964092639,-0.06801045644782573,-0.056500064658673035,-0.09410442214787385
8961,0.9923403339399718,-0.06933341251443285,-0.052929214674337324,-0.08747592685400259
8970,0.9931505981638792,-0.06940159460979317,-0.047814403120747265,-0.08092645356466248
8979,0.9938916218403872,-0.0694649381596096,-0.042696258039037926,-0.07437133823880317
8988,0.9946049225669806,-0.06777988498482568,-0.03837739461934586,-0.06851358098366683
8988,0.9946049225669806,-0.06777988498482568,-0.03837739461934586,-0.06851358098366683
8997,0.9952622130090962,-0.06609101484658848,-0.03405637001108396,-0.06265196544764486
9006,0.9958418469059701,-0.06334989196789509,-0.03154532515279025,-0.057364619754405474
9015,0.9963795448063976,-0.060606101355512136,-0.029032951886127662,-0.05207485837387836
9024,0.9968122901167364,-0.05845899038157452,-0.02727478605071951,-0.04694561493560202
9033,0.9972109467998366,-0.05630988024816463,-0.02551568748201351,-0.0418147660681151
9042,0.9975071695455353,-0.055621686244105045,-0.02318861199853696,-0.036714615593770115
9051,0.9977714838582596,-0.05493171300386389,-0.020860794753703383,-0.03161329068591065
9060,0.9979615946143683,-0.05474080530615602,-0.018643247320312882,-0.026991280787221007
9069,0.9981254060087654,-0.05454845501962821,-0.016425208579934823,-0.02236855958515024
9078,0.9982890002034195,-0.05364420678158575,-0.014154424489921219,-0.018466819406459157
9087,0.9984314062483864,-0.05273881997396783,-0.011883339979824084,-0.01456468727941068
9096,0.9986058959739772,-0.05073654949651756,-0.009604396211530412,-0.01094635302781417
9105,0.9987580913623989,-0.0487331463022009,-0.0073252380206619205,-0.007327774393838026
9114,0.9989276951787854,-0.0458418249969324,-0.005331476584288725,-0.0036826950975565763
9123,0.9990716763079103,-0.042949327840047145,-0.0033375783945170396,-3.752133943847949e-05
9132,0.9992038047617335,-0.0396595523997442,-0.0020261996549021284,0.0038433017167498517
9141,0.9993083346247649,-0.036368681539515446,-0.0007147649504731599,0.007724018618707319
9149,0.9993736864105247,-0.033598277285817844,0.0002125908349961939,0.011106100972012319
9158,0.9994233422661051,-0.03048077293698489,0.0012558600943095495,0.014910675042915883
9167,0.9994504724194123,-0.027626044134102416,0.0018045220340173601,0.018229058295565988
9176,0.9994581503582065,-0.02477077764801154,0.002353148852475376,0.021547086757696583
9185,0.9994489744542114,-0.02226011470103424,0.002282629350618919,0.024515798154851574
9194,0.9994246851496874,-0.019749115142546098,0.0022120753314509066,0.02748413883065283
9203,0.999378966193634,-0.0180365013905586,0.001790340152823646,0.030218557700013412
9212,0.9993226637711549,-0.016323696631242186,0.0013685860144168232,0.03295265655354249
9221,0.9992595560676732,-0.015469410786108305,0.0007101027038922245,0.03522119662244873
9230,0.9991901393779019,-0.014615027272355724,5.16149100197347e-05,0.03748951431665236
9239,0.999129699717034,-0.01404120951698965,-0.0005756609986670934,0.03927284294603853
9248,0.9990653568002947,-0.013467336907450484,-0.001202934658444522,0.04105601814994364
9257,0.999026650923881,-0.012428863297856793,-0.00184615669819416,0.04228316220888649
9266,0.9989849484243528,-0.01139035240735672,-0.0024893732003179207,0.043510179437678105
9275,0.9989497333207693,-0.009974095527395588,-0.0032704243188920352,0.044601031843992625
9284,0.9989107151921,-0.008557800675818631,-0.004051462986883992,0.045691714453131874
9293,0.9988775029512679,-0.007254707617999108,-0.004969766887247736,0.04654465310112057
9302,0.998841024439974,-0.005951590837713986,-0.00588805453676717,0.04739743955084158
9311,0.9988173684785256,-0.005012149593627178,-0.006939523404122187,0.04786006474094925
9320,0.9987915124037803,-0.004072697309186732,-0.007990976985662002,0.04832258450881642
9329,0.9987699666457355,-0.003463600956319988,-0.008656974453098744,0.0486992195852298
9338,0.9987474651954775,-0.002854501289240188,-0.009322963636943316,0.04907580806286017
9346,0.9987293965240713,-0.002372578544418122,-0.009180640863358768,0.0494942342404948
9355,0.9987085584301736,-0.0018304142532165812,-0.0090205230503139,0.04996493836566729
9364,0.9986986192083097,-0.0009444141898799245,-0.008644770691906018,0.05025379600525571
9373,0.9986876715770094,-5.8413172946094e-05,-0.008269009604670266,0.0505426029024068
9382,0.998697762840522,0.0013708110104385307,-0.008450181341711615,0.050294073306924966
9391,0.9987057195136441,0.0028000322638876748,-0.008631335017557112,0.05004543621421066
9400,0.9987307823567364,0.004233741157142492,-0.009432369437474155,0.04929432234761629
9409,0.998752587362469,0.005667436240028832,-0.01023337308921414,0.0485430476840506
9418,0.9987843555481414,0.006193253397588131,-0.01121306676949894,0.04759959934978313
9427,0.9988139989325932,0.00671905737969839,-0.012192736595247144,0.046656049752729335
9436,0.9988612363346704,0.006040486900510213,-0.012854846264703675,0.04554663536957925
9445,0.9989063442856985,0.005361903543736339,-0.013516928529186553,0.04443712388652484
9454,0.998960083700421,0.00396020488457854,-0.01391704053261357,0.043236372805010574
9463,0.9990102572873352,0.002558492089311667,-0.014317102858610075,0.042035467389541434
9472,0.9990742892246757,0.0010694775356231182,-0.014209297349315083,0.04058961316456205
9481,0.9991340017833185,-0.00041954164182417936,-0.014101430407815356,0.03914358345522445
9490,0.9991982522043052,-0.0013069416541200286,-0.013720425173524134,0.03758849063785548
9499,0.9992591502296668,-0.002194337281514809,-0.013339373906032565,0.03603327170788443
9508,0.9993064233166636,-0.0023005945554166957,-0.01295325594649525,0.03483665803623413
9517,0.999352103012855,-0.00240684816102813,-0.012567117333033933,0.03363998881764716
9526,0.999358923022947,-0.002201314096965809,-0.013401341794640746,0.033125537410965286
9534,0.9993641438688873,-0.0020186152913817647,-0.014142863392488067,0.03266821936642582
9543,0.9993509338734013,-0.0023212383458965495,-0.01474526979492618,0.032785665123297864
9552,0.9993372557397688,-0.0026238603130453444,-0.015347669290057722,0.032903095521980924
9561,0.999336248219548,-0.0030730235050818525,-0.015330296773312503,0.03290291053778243
9570,0.9993350387830118,-0.0035221860762126504,-0.01531292115907428,0.03290271890553682
9579,0.9993505743354684,-0.0035122071179579622,-0.014872465542484089,0.03263286296385428
9588,0.9993658428971158,-0.0035022272213668733,-0.014432005952501863,0.032362998303835336
9597,0.9993785461799859,-0.003097674016453815,-0.013940440685731265,0.03222716190348142
9606,0.9993908258136899,-0.0026931194983976846,-0.013448869509432098,0.03209131184162725
9615,0.9993956435665514,-0.0023423120598395062,-0.013012727128447709,0.0321485633752668
9624,0.99940014492376,-0.0019915038797358167,-0.012576580627803282,0.03220580473108962
9633,0.999396374946542,-0.0019954219431928674,-0.012330927610808787,0.03241685147013034
9642,0.999392500116959,-0.001999339797298838,-0.012085273300106454,0.03262789480813458
9651,0.9993980470014843,-0.0021461224010056027,-0.011430058053911476,0.03268473009133454
9660,0.9994031400461951,-0.002292904030129922,-0.010774837617176613,0.032741550531968144
9669,0.9994076380113542,-0.0021443375668230387,-0.009869719148729661,0.032899293987725446
9678,0.9994112702749604,-0.0019957692460595066,-0.00896459213098724,0.033057008945631815
9687,0.9993924665972144,-0.0019235337159555685,-0.007751625456337706,0.03392506491613624
9696,0.9993714338936273,-0.0018512938956388235,-0.006538641492611025,0.034793045220824784
9705,0.999336951006068,-0.0022939645683215334,-0.005400066415419436,0.03593376355412733
9714,0.9992996752336406,-0.0027366288299744855,-0.004261476246457485,0.03707438146197838
9722,0.9992664952800858,-0.0034334876651454203,-0.002924605310922509,0.03802800621756123
9731,0.9992253655462688,-0.004217440679525714,-0.0014206145920359892,0.039100689216703136
9740,0.9991941986527241,-0.004435958250821388,1.970168741561001e-05,0.03989079173168898
9749,0.9991602864788408,-0.004654463634347173,0.0014600179127369358,0.04068078464695301
9758,0.9991516790722227,-0.003936997537189519,0.002862880306277695,0.040892862138792674
9767,0.999140545978571,-0.003219521487965687,0.004265735462939591,0.0411048362603695
9776,0.9991323984347938,-0.002070404807087441,0.005153169702730456,0.04127479453475355
9785,0.9991221157841734,-0.0009212837018351295,0.006040592930399289,0.0414446646065166
9794,0.9991034513855224,-0.00010471904030903252,0.0065848912098210475,0.041820110846512194
9803,0.9990836836302694,0.0007118457368631914,0.007129182217239912,0.04219551090260627
9812,0.9990659009970501,0.0009607117577735158,0.007258110379760118,0.042587819051771614
9821,0.9990478858025954,0.0012095775550506316,0.007387036852747017,0.04298011728740093
9830,0.9990404040937385,0.0011473386309180527,0.007309610158527705,0.0431685557045421
9839,0.9990328769948897,0.0010850996546577616,0.007232183132206565,0.04335699216038083
9848,0.9990277442515648,0.0008564796275886074,0.006650179259816009,0.04357301658239835
9857,0.9990221742452648,0.0006278592256481529,0.006068172476718335,0.043789021933006725
9866,0.9990078562283417,9.062032891039246e-05,0.005352073786718349,0.044211427122302346
9875,0.9989925591296576,-0.0004466186566401942,0.004635969851396422,0.044633788982006865
9884,0.9989835744394343,-0.0009711732298030115,0.004049024790827882,0.04488296136633792
9893,0.9989739086126341,-0.001495727140791168,0.0034620769695143648,0.04513210314813709
9902,0.9989789825246855,-0.0013670215731851824,0.003053483063437597,0.04505330140116212
9910,0.9989833335354746,-0.0012526164056817673,0.00269028799144018,0.04498324822657855
9919,0.9989937698588093,-0.00037362555235761715,0.00221904381941657,0.044792678327588084
9928,0.9990031760978964,0.0005053656862199824,0.001747797359288518,0.04460206224189081
9937,0.999011925104107,0.0014701112758628665,0.0013890754064196011,0.04439687761699073
9946,0.9990195736060061,0.002434855246041801,0.0010303519233552628,0.044191644084811355
9955,0.9990225524438691,0.0031555184361432387,0.000670903593517799,0.04408551122879918
9964,0.9990248720950906,0.003876179544133922,0.0003114548209969488,0.04397934928377394
9973,0.9990173919590245,0.004494662122125867,7.047950036689192e-05,0.044091309897037884
9982,0.9990094590873221,0.005113142663222626,-0.00017049585220313084,0.04420325052896075
9991,0.9990042101557822,0.00562659620347703,-0.0003071408858962012,0.044258729880792866
